latitude,longitude,OBJECTID,Elemento,nu_processo_sei,Empreendedor,Empreendimento,Setor,Tipologia,Nº Processo SEI,Consultar Processo,sei_no_empreendimento,Licenças Emitidas (Tipo, Número, Emissão, Vencimento),st_length(shape),
null,null,55130,Trecho de Energia,02001024280202019,ESTADO DE RORAIMA,Eletrificação Rural,Energia,Sistema de transmissão,02001.024280/2020-19,https://servicos.ibama.gov.br/licenciamento/consulta_empreendimentos.php,(02001024280202019) Eletrificação Rural,,0.16842905672554956,
null,null,55131,Trecho de Energia,02001024280202019,ESTADO DE RORAIMA,Eletrificação Rural,Energia,Sistema de transmissão,02001.024280/2020-19,https://servicos.ibama.gov.br/licenciamento/consulta_empreendimentos.php,(02001024280202019) Eletrificação Rural,,0.0366385971413652,
null,null,55132,Trecho de Energia,02001023118202083,EÓLICA PICUÍ 6 - GERADORA DE ENERGIA LTDA,Linhas de Transmissão 230 kV Complexo Eólico Picuí,Energia,Sistema de transmissão,02001.023118/2020-83,https://servicos.ibama.gov.br/licenciamento/consulta_empreendimentos.php,(02001023118202083) Linhas de Transmissão 230 kV Complexo Eólico Picuí,,0.392540596182867,
null,null,55133,Trecho de Energia,02001024533202054,VENTOS DE SANTA ROSA ENERGIAS RENOVÁVEIS S/A,LT Dom Inocêncio Sul,Energia,Sistema de transmissão,02001.024533/2020-54,https://servicos.ibama.gov.br/licenciamento/consulta_empreendimentos.php,(02001024533202054) LT Dom Inocêncio Sul,,0.7721930000145613,
null,null,55134,Trecho de Energia,02001029777202023,IRACEMA TRANSMISSORA DE ENERGIA S/A,Iracema Transmissora de Energia S/A,Energia,Sistema de transmissão,02001.029777/2020-23,https://servicos.ibama.gov.br/licenciamento/consulta_empreendimentos.php,(02001029777202023) Iracema Transmissora de Energia S/A,,0.026045950957245524,
null,null,55135,Trecho de Energia,02001029777202023,IRACEMA TRANSMISSORA DE ENERGIA S/A,Iracema Transmissora de Energia S/A,Energia,Sistema de transmissão,02001.029777/2020-23,https://servicos.ibama.gov.br/licenciamento/consulta_empreendimentos.php,(02001029777202023) Iracema Transmissora de Energia S/A,,0.025525594846244632,
null,null,55136,Trecho de Energia,02001001772202117,EKTT 7 SERVIÇOS DE TRANSMISSÃO DE ENERGIA ELÉTRICA SPE S.A,LT 500 KV POÇÕES III - MEDEIROS NETO II - JOÃO NEIVA 2 e subestações associadas,Energia,Sistema de transmissão,02001.001772/2021-17,https://servicos.ibama.gov.br/licenciamento/consulta_empreendimentos.php,(02001001772202117) LT 500 KV POÇÕES III - MEDEIROS NETO II - JOÃO NEIVA 2 e subestações associadas,1-(Licença de Instalação-14592022-15/12/2022-15/12/2028) 2-(Licença Prévia-6672022-03/06/2022-03/06/2027),2.8571614988825615,
null,null,55137,Trecho de Energia,02001001772202117,EKTT 7 SERVIÇOS DE TRANSMISSÃO DE ENERGIA ELÉTRICA SPE S.A,LT 500 KV POÇÕES III - MEDEIROS NETO II - JOÃO NEIVA 2 e subestações associadas,Energia,Sistema de transmissão,02001.001772/2021-17,https://servicos.ibama.gov.br/licenciamento/consulta_empreendimentos.php,(02001001772202117) LT 500 KV POÇÕES III - MEDEIROS NETO II - JOÃO NEIVA 2 e subestações associadas,1-(Licença de Instalação-14592022-15/12/2022-15/12/2028) 2-(Licença Prévia-6672022-03/06/2022-03/06/2027),2.4777392061195465,
null,null,55138,Trecho de Energia,02001013451202165,MUNICÍPIO DE PACARAIMA,Interligação do Sistema de Rede de Energia da Sede de Pacaraima sentindo Vila Surumú,Energia,Sistema de transmissão,02001.013451/2021-65,https://servicos.ibama.gov.br/licenciamento/consulta_empreendimentos.php,(02001013451202165) Interligação do Sistema de Rede de Energia da Sede de Pacaraima sentindo Vila Surumú,,0.32807862180741304,
null,null,55139,Trecho de Energia,02001004905202115,EOL FRAGATA I LTDA,LT 230 kV EOL FRAGATA - PARAÍSO,Energia,Sistema de transmissão,02001.004905/2021-15,https://servicos.ibama.gov.br/licenciamento/consulta_empreendimentos.php,(02001004905202115) LT 230 kV EOL FRAGATA - PARAÍSO,,0.4531367386969487,
null,null,55140,Trecho de Energia,02001008921202179,CEMIG DISTRIBUIÇÃO S.A.,RDR 13,8kV Parque Nacional do Itatiaia,Energia,Sistema de transmissão,02001.008921/2021-79,https://servicos.ibama.gov.br/licenciamento/consulta_empreendimentos.php,(02001008921202179) RDR 13,8kV Parque Nacional do Itatiaia,,0.848739414310877,
null,null,55141,Trecho de Energia,02001010301202108,COPEL GERAÇÃO E TRANSMISSÃO S/A.,Sistema de Transmissão LT 500 kV Ponta Grossa - Assis e LT LT 525 kV Bateias - Curitiba Leste,Energia,Sistema de transmissão,02001.010301/2021-08,https://servicos.ibama.gov.br/licenciamento/consulta_empreendimentos.php,(02001010301202108) Sistema de Transmissão LT 500 kV Ponta Grossa - Assis e LT LT 525 kV Bateias - Curitiba Leste,,2.5946939625962857,
null,null,55142,Trecho de Energia,02001010301202108,COPEL GERAÇÃO E TRANSMISSÃO S/A.,Sistema de Transmissão LT 500 kV Ponta Grossa - Assis e LT LT 525 kV Bateias - Curitiba Leste,Energia,Sistema de transmissão,02001.010301/2021-08,https://servicos.ibama.gov.br/licenciamento/consulta_empreendimentos.php,(02001010301202108) Sistema de Transmissão LT 500 kV Ponta Grossa - Assis e LT LT 525 kV Bateias - Curitiba Leste,,0.7525818026636515,
null,null,55143,Trecho de Energia,02001016626202196,OESTE ENERGIA INVESTIMENTOS E PARTICIPAÇÕES S.A,LT 500 kV Coletora EOL Oeste Seridó -SE SL II,Energia,Sistema de transmissão,02001.016626/2021-96,https://servicos.ibama.gov.br/licenciamento/consulta_empreendimentos.php,(02001016626202196) LT 500 kV Coletora EOL Oeste Seridó -SE SL II,1-(Licença Prévia-6752022-28/09/2022-28/09/2027) 2-(Licença de Operação-016812023-21/12/2023-21/12/2033) 3-(Retificação de Licença de Instalação-014672023-13/09/2023-02/06/2029) 4-(Licença de Instalação-014672023-05/06/2023-05/06/2029),0.3824635578088912,
null,null,55144,Trecho de Energia,02001025220202102,ENERGISA SERGIPE DISTRIBUIDORA DE ENERGIA SA,LT 69kV Vila Zebu/Xingó,Energia,Sistema de transmissão,02001.025220/2021-02,https://servicos.ibama.gov.br/licenciamento/consulta_empreendimentos.php,(02001025220202102) LT 69kV Vila Zebu/Xingó,,0.513403954972627,
null,null,55145,Trecho de Energia,02001013452202118,MUNICÍPIO DE PACARAIMA,Implantação de Eletricificação Rural de Baixa Tensão para a Comunidade do Contão,Energia,Sistema de transmissão,02001.013452/2021-18,https://servicos.ibama.gov.br/licenciamento/consulta_empreendimentos.php,(02001013452202118) Implantação de Eletricificação Rural de Baixa Tensão para a Comunidade do Contão,,0.12987009236976113,
null,null,55146,Trecho de Energia,02001013452202118,MUNICÍPIO DE PACARAIMA,Implantação de Eletricificação Rural de Baixa Tensão para a Comunidade do Contão,Energia,Sistema de transmissão,02001.013452/2021-18,https://servicos.ibama.gov.br/licenciamento/consulta_empreendimentos.php,(02001013452202118) Implantação de Eletricificação Rural de Baixa Tensão para a Comunidade do Contão,,0.06305033363958208,
null,null,55147,Trecho de Energia,02001013452202118,MUNICÍPIO DE PACARAIMA,Implantação de Eletricificação Rural de Baixa Tensão para a Comunidade do Contão,Energia,Sistema de transmissão,02001.013452/2021-18,https://servicos.ibama.gov.br/licenciamento/consulta_empreendimentos.php,(02001013452202118) Implantação de Eletricificação Rural de Baixa Tensão para a Comunidade do Contão,,0.032895154387052726,
null,null,55148,Trecho de Energia,02001013452202118,MUNICÍPIO DE PACARAIMA,Implantação de Eletricificação Rural de Baixa Tensão para a Comunidade do Contão,Energia,Sistema de transmissão,02001.013452/2021-18,https://servicos.ibama.gov.br/licenciamento/consulta_empreendimentos.php,(02001013452202118) Implantação de Eletricificação Rural de Baixa Tensão para a Comunidade do Contão,,0.021620457659422783,
null,null,55149,Trecho de Energia,02001013452202118,MUNICÍPIO DE PACARAIMA,Implantação de Eletricificação Rural de Baixa Tensão para a Comunidade do Contão,Energia,Sistema de transmissão,02001.013452/2021-18,https://servicos.ibama.gov.br/licenciamento/consulta_empreendimentos.php,(02001013452202118) Implantação de Eletricificação Rural de Baixa Tensão para a Comunidade do Contão,,0.010039012075498788,
null,null,55150,Trecho de Energia,02001014018202147,EÓLICA PICUÍ 6 - GERADORA DE ENERGIA LTDA,Linha de Transmissão 230 kV - Complexo Eólico Picuí,Energia,Sistema de transmissão,02001.014018/2021-47,https://servicos.ibama.gov.br/licenciamento/consulta_empreendimentos.php,(02001014018202147) Linha de Transmissão 230 kV - Complexo Eólico Picuí,,0.4601524124967367,
null,null,55151,Trecho de Energia,02001015283202142,PREFEITURA MUNICIPAL DE NORMANDIA,Eletrificação Rural Comunidade Indígena Olho d'Água e outras,Energia,Sistema de transmissão,02001.015283/2021-42,https://servicos.ibama.gov.br/licenciamento/consulta_empreendimentos.php,(02001015283202142) Eletrificação Rural Comunidade Indígena Olho d'Água e outras,,0.02654987201310746,
null,null,55152,Trecho de Energia,02001015283202142,PREFEITURA MUNICIPAL DE NORMANDIA,Eletrificação Rural Comunidade Indígena Olho d'Água e outras,Energia,Sistema de transmissão,02001.015283/2021-42,https://servicos.ibama.gov.br/licenciamento/consulta_empreendimentos.php,(02001015283202142) Eletrificação Rural Comunidade Indígena Olho d'Água e outras,,0.009671621214570027,
null,null,55153,Trecho de Energia,02001015283202142,PREFEITURA MUNICIPAL DE NORMANDIA,Eletrificação Rural Comunidade Indígena Olho d'Água e outras,Energia,Sistema de transmissão,02001.015283/2021-42,https://servicos.ibama.gov.br/licenciamento/consulta_empreendimentos.php,(02001015283202142) Eletrificação Rural Comunidade Indígena Olho d'Água e outras,,0.0012627578638095627,
null,null,55154,Trecho de Energia,02001015283202142,PREFEITURA MUNICIPAL DE NORMANDIA,Eletrificação Rural Comunidade Indígena Olho d'Água e outras,Energia,Sistema de transmissão,02001.015283/2021-42,https://servicos.ibama.gov.br/licenciamento/consulta_empreendimentos.php,(02001015283202142) Eletrificação Rural Comunidade Indígena Olho d'Água e outras,,0.12405658014668418,
null,null,55155,Trecho de Energia,02001015283202142,PREFEITURA MUNICIPAL DE NORMANDIA,Eletrificação Rural Comunidade Indígena Olho d'Água e outras,Energia,Sistema de transmissão,02001.015283/2021-42,https://servicos.ibama.gov.br/licenciamento/consulta_empreendimentos.php,(02001015283202142) Eletrificação Rural Comunidade Indígena Olho d'Água e outras,,0.03843204966793282,
null,null,55156,Trecho de Energia,02001014170202120,PREFEITURA MUNICIPAL DE NORMANDIA,Eletrificação Rural ao longo da BR 433,Energia,Sistema de transmissão,02001.014170/2021-20,https://servicos.ibama.gov.br/licenciamento/consulta_empreendimentos.php,(02001014170202120) Eletrificação Rural ao longo da BR 433,,0.32807862180741304,
null,null,55157,Trecho de Energia,02001013890202178,MUNICÍPIO DE PACARAIMA,Eletrificação Rural na Comunidade Machado longo da BR433,Energia,Sistema de transmissão,02001.013890/2021-78,https://servicos.ibama.gov.br/licenciamento/consulta_empreendimentos.php,(02001013890202178) Eletrificação Rural na Comunidade Machado longo da BR433,,0.32807862180741304,
null,null,55158,Trecho de Energia,02001014654202179,EDP - ENERGIAS DO BRASIL S.A.,LT 230kV - SE Abunã - SE Rio Branco I C3,Energia,Sistema de transmissão,02001.014654/2021-79,https://servicos.ibama.gov.br/licenciamento/consulta_empreendimentos.php,(02001014654202179) LT 230kV - SE Abunã - SE Rio Branco I C3,1-(Licença Prévia-6712022-30/08/2022-01/09/2025) 2-(Licença de Instalação-14522022-11/11/2022-11/05/2025) 3-(Licença de Operação-016942024-03/07/2024-03/07/2034),2.7106063817352393,
null,null,55159,Trecho de Energia,02001016568202109,VENTOS DO NORDESTE S.A,Linha de Transmissão 230 KV Umari,Energia,Sistema de transmissão,02001.016568/2021-09,https://servicos.ibama.gov.br/licenciamento/consulta_empreendimentos.php,(02001016568202109) Linha de Transmissão 230 KV Umari,,0.17441580689355274,
null,null,55160,Trecho de Energia,02001024855202184,COMPANHIA DE GERAÇÃO E TRANSMISSÃO DE ENERGIA ELÉTRICA DO SUL DO BRASIL,Seccionamento da LT 230kV Londrina - Maringá para Subestação Sarandi,Energia,Sistema de transmissão,02001.024855/2021-84,https://servicos.ibama.gov.br/licenciamento/consulta_empreendimentos.php,(02001024855202184) Seccionamento da LT 230kV Londrina - Maringá para Subestação Sarandi,1-(Licença de Operação-016642023-13/03/2023-13/03/2033) 2-(Licença de Instalação-14172021-06/12/2021-06/12/2027),0.006714860989190486,
null,null,55161,Trecho de Energia,02001024855202184,COMPANHIA DE GERAÇÃO E TRANSMISSÃO DE ENERGIA ELÉTRICA DO SUL DO BRASIL,Seccionamento da LT 230kV Londrina - Maringá para Subestação Sarandi,Energia,Sistema de transmissão,02001.024855/2021-84,https://servicos.ibama.gov.br/licenciamento/consulta_empreendimentos.php,(02001024855202184) Seccionamento da LT 230kV Londrina - Maringá para Subestação Sarandi,1-(Licença de Operação-016642023-13/03/2023-13/03/2033) 2-(Licença de Instalação-14172021-06/12/2021-06/12/2027),0.006574386452123648,
null,null,55162,Trecho de Energia,02001027407202132,TRANSMISSORA ACRE SPE S.A.,Linha de Transmissão 230kV Feijó - Cruzeiro do Sul,Energia,Sistema de transmissão,02001.027407/2021-32,https://servicos.ibama.gov.br/licenciamento/consulta_empreendimentos.php,(02001027407202132) Linha de Transmissão 230kV Feijó - Cruzeiro do Sul,,2.3043908795332566,
null,null,55163,Trecho de Energia,02001028868202122,ANANAI TRANSMISSORA DE ENERGIA ELETRICA S/A,Sistema de Transmissão LT 500kV Ponta Grossa - Assis e LT 525kV Bateias - Curitiba Leste ,Energia,Sistema de transmissão,02001.028868/2021-22,https://servicos.ibama.gov.br/licenciamento/consulta_empreendimentos.php,(02001028868202122) Sistema de Transmissão LT 500kV Ponta Grossa - Assis e LT 525kV Bateias - Curitiba Leste ,,2.4979874563733064,
null,null,55164,Trecho de Energia,02001028868202122,ANANAI TRANSMISSORA DE ENERGIA ELETRICA S/A,Sistema de Transmissão LT 500kV Ponta Grossa - Assis e LT 525kV Bateias - Curitiba Leste ,Energia,Sistema de transmissão,02001.028868/2021-22,https://servicos.ibama.gov.br/licenciamento/consulta_empreendimentos.php,(02001028868202122) Sistema de Transmissão LT 500kV Ponta Grossa - Assis e LT 525kV Bateias - Curitiba Leste ,,0.7168332582130742,
null,null,55165,Trecho de Energia,02001002278202251,ANANAI TRANSMISSORA DE ENERGIA ELETRICA S/A,LT 500 kV Ponta Grossa - Assis,Energia,Sistema de transmissão,02001.002278/2022-51,https://servicos.ibama.gov.br/licenciamento/consulta_empreendimentos.php,(02001002278202251) LT 500 kV Ponta Grossa - Assis,1-(Licença de Instalação-015002024-27/11/2024-27/11/2030) 2-(Licença Prévia-006842023-18/09/2023-18/09/2028),2.4979874563733064,
null,null,55166,Trecho de Energia,02001009524202203,PARQUE EOLICO VENTOS DE TACARATU LTDA,LT 230 kV PEOL Tacaratu - PAF-III C1,Energia,Sistema de transmissão,02001.009524/2022-03,https://servicos.ibama.gov.br/licenciamento/consulta_empreendimentos.php,(02001009524202203) LT 230 kV PEOL Tacaratu - PAF-III C1,,0.5529747123212684,
null,null,55167,Trecho de Energia,02001003364202281,PARQUE EOLICO SERRA DAS ALMAS I S.A.,Linha de Transmissão 500 kV Serra das Almas ,Energia,Sistema de transmissão,02001.003364/2022-81,https://servicos.ibama.gov.br/licenciamento/consulta_empreendimentos.php,(02001003364202281) Linha de Transmissão 500 kV Serra das Almas ,1-(Licença de Instalação-014802023-27/10/2023-27/10/2029) 2-(Licença Prévia-6782023-25/11/2022-25/11/2025) 3-(Licença de Operação-016672024-16/12/2024-16/12/2034),0.19732814528606166,
null,null,55168,Trecho de Energia,02001004600202286,ENERGISA PARAIBA DISTRIBUIDORA DE ENERGIA S/A,Linha de transmissão 69 kV Santa Cruz a Cuité ,Energia,Sistema de transmissão,02001.004600/2022-86,https://servicos.ibama.gov.br/licenciamento/consulta_empreendimentos.php,(02001004600202286) Linha de transmissão 69 kV Santa Cruz a Cuité ,,0.271214479189537,
null,null,55169,Trecho de Energia,02001006109202290,CASCUDO SOLAR ENERGIA LTDA,LT 230 kV  CASCUDO _ JAGUARUANA II,Energia,Sistema de transmissão,02001.006109/2022-90,https://servicos.ibama.gov.br/licenciamento/consulta_empreendimentos.php,(02001006109202290) LT 230 kV  CASCUDO _ JAGUARUANA II,,0.31298858904738086,
null,null,55170,Trecho de Energia,02001010984202276,MARINGÁ ENERGIA LTDA,Maringá Energia - Linha de Transmissão,Energia,Sistema de transmissão,02001.010984/2022-76,https://servicos.ibama.gov.br/licenciamento/consulta_empreendimentos.php,(02001010984202276) Maringá Energia - Linha de Transmissão,,0.10365313647872337,
null,null,55171,Trecho de Energia,02001010035202296,LIGHTSOURCE JAGUAR GERACAO DE ENERGIA LTDA,Linha de Transmissão Jaguar 230kV,Energia,Sistema de transmissão,02001.010035/2022-96,https://servicos.ibama.gov.br/licenciamento/consulta_empreendimentos.php,(02001010035202296) Linha de Transmissão Jaguar 230kV,,0.09133343839518011,
null,null,55172,Trecho de Energia,02001013496202211,EDP TRANSMISSÃO NORTE S.A.,LT 230 kV SE Abunã - SE Rio Branco I C3 e SEs Associadas,Energia,Sistema de transmissão,02001.013496/2022-11,https://servicos.ibama.gov.br/licenciamento/consulta_empreendimentos.php,(02001013496202211) LT 230 kV SE Abunã - SE Rio Branco I C3 e SEs Associadas,,2.7106063817352393,
null,null,55173,Trecho de Energia,02001017516202222,RIO DO COBRE ENERGIA LTDA - ME,LT PCH RIO DO COBRE,Energia,Sistema de transmissão,02001.017516/2022-22,https://servicos.ibama.gov.br/licenciamento/consulta_empreendimentos.php,(02001017516202222) LT PCH RIO DO COBRE,,0.38746644662671736,
null,null,55174,Trecho de Energia,02001019000202212,EKTT 9 SERVIÇOS DE TRANSMISSÃO DE ENERGIA ELÉTRIA SPE S.A.,LT 500 kV Nova Ponte 3 ¿ Araraquara 2 C1, C2 ,Energia,Sistema de transmissão,02001.019000/2022-12,https://servicos.ibama.gov.br/licenciamento/consulta_empreendimentos.php,(02001019000202212) LT 500 kV Nova Ponte 3 ¿ Araraquara 2 C1, C2 ,,5.364300245915734,
null,null,55175,Trecho de Energia,02001019401202272,STERLITE POWER GRID VENTURES LIMITED,LT 230 kV Olindina - Itabaianinha C1, CS,Energia,Sistema de transmissão,02001.019401/2022-72,https://servicos.ibama.gov.br/licenciamento/consulta_empreendimentos.php,(02001019401202272) LT 230 kV Olindina - Itabaianinha C1, CS,,0.6688084275143978,
null,null,55176,Trecho de Energia,02001019385202218,STERLITE POWER GRID VENTURES LIMITED,LT 230 kV Cláudia - Cachimbo, C1, CS; LT 230 kV Cachimbo - Novo Progresso, C1, CS e SEs associadas,Energia,Sistema de transmissão,02001.019385/2022-18,https://servicos.ibama.gov.br/licenciamento/consulta_empreendimentos.php,(02001019385202218) LT 230 kV Cláudia - Cachimbo, C1, CS; LT 230 kV Cachimbo - Novo Progresso, C1, CS e SEs associadas,,1.9720611640246481,
null,null,55177,Trecho de Energia,02001019385202218,STERLITE POWER GRID VENTURES LIMITED,LT 230 kV Cláudia - Cachimbo, C1, CS; LT 230 kV Cachimbo - Novo Progresso, C1, CS e SEs associadas,Energia,Sistema de transmissão,02001.019385/2022-18,https://servicos.ibama.gov.br/licenciamento/consulta_empreendimentos.php,(02001019385202218) LT 230 kV Cláudia - Cachimbo, C1, CS; LT 230 kV Cachimbo - Novo Progresso, C1, CS e SEs associadas,,2.505213209815113,
null,null,55178,Trecho de Energia,02001019385202218,STERLITE POWER GRID VENTURES LIMITED,LT 230 kV Cláudia - Cachimbo, C1, CS; LT 230 kV Cachimbo - Novo Progresso, C1, CS e SEs associadas,Energia,Sistema de transmissão,02001.019385/2022-18,https://servicos.ibama.gov.br/licenciamento/consulta_empreendimentos.php,(02001019385202218) LT 230 kV Cláudia - Cachimbo, C1, CS; LT 230 kV Cachimbo - Novo Progresso, C1, CS e SEs associadas,,0.011363009200121683,
null,null,55179,Trecho de Energia,02001020375202225,EKTT 9 SERVIÇOS DE TRANSMISSÃO DE ENERGIA ELÉTRIA SPE S.A.,LT 500 kV Nova Ponte 3 ¿ Araraquara 2 C1, C2, CS e SE Nova Ponte 3,Energia,Sistema de transmissão,02001.020375/2022-25,https://servicos.ibama.gov.br/licenciamento/consulta_empreendimentos.php,(02001020375202225) LT 500 kV Nova Ponte 3 ¿ Araraquara 2 C1, C2, CS e SE Nova Ponte 3,1-(Licença de Instalação-014922024-23/08/2024-23/08/2030) 2-(Licença Prévia-006852023-02/10/2023-02/10/2028),5.364300245915734,
null,null,55180,Trecho de Energia,02001021455202206,COPEL DISTRIBUIÇÃO S.A,Sistema de Distribuição de Alta Tensão (SDAT) 138 kV Posto Fiscal - Guaratuba,Energia,Sistema de transmissão,02001.021455/2022-06,https://servicos.ibama.gov.br/licenciamento/consulta_empreendimentos.php,(02001021455202206) Sistema de Distribuição de Alta Tensão (SDAT) 138 kV Posto Fiscal - Guaratuba,,0.3431617822313659,
null,null,55181,Trecho de Energia,02001021455202206,COPEL DISTRIBUIÇÃO S.A,Sistema de Distribuição de Alta Tensão (SDAT) 138 kV Posto Fiscal - Guaratuba,Energia,Sistema de transmissão,02001.021455/2022-06,https://servicos.ibama.gov.br/licenciamento/consulta_empreendimentos.php,(02001021455202206) Sistema de Distribuição de Alta Tensão (SDAT) 138 kV Posto Fiscal - Guaratuba,,0.09753713751887064,
null,null,55182,Trecho de Energia,02001021455202206,COPEL DISTRIBUIÇÃO S.A,Sistema de Distribuição de Alta Tensão (SDAT) 138 kV Posto Fiscal - Guaratuba,Energia,Sistema de transmissão,02001.021455/2022-06,https://servicos.ibama.gov.br/licenciamento/consulta_empreendimentos.php,(02001021455202206) Sistema de Distribuição de Alta Tensão (SDAT) 138 kV Posto Fiscal - Guaratuba,,0.42287897812900704,
null,null,55183,Trecho de Energia,02001025150202265,COPEL GERAÇÃO E TRANSMISSÃO S/A.,Linha de Transmissão de Energia Elétrica 500 kV Araraquara II - Taubaté,Energia,Sistema de transmissão,02001.025150/2022-65,https://servicos.ibama.gov.br/licenciamento/consulta_empreendimentos.php,(02001025150202265) Linha de Transmissão de Energia Elétrica 500 kV Araraquara II - Taubaté,1-(Licença de Operação-017042024-08/10/2024-08/10/2034),3.1928230951059233,
null,null,55184,Trecho de Energia,02001023762202213,VERDE TRANSMISSAO DE ENERGIA S.A.,LT 500 kV Jaguara - Estreito C2,Energia,Sistema de transmissão,02001.023762/2022-13,https://servicos.ibama.gov.br/licenciamento/consulta_empreendimentos.php,(02001023762202213) LT 500 kV Jaguara - Estreito C2,,0.4227463750056689,
null,null,55185,Trecho de Energia,02001027543202211,VENTOS DE SANTA BERTILLA ENERGIAS RENOVÁVEIS S.A,LT 500 kV SE Serra do Tigre Sul - SE Santa Luzia II,Energia,Sistema de transmissão,02001.027543/2022-11,https://servicos.ibama.gov.br/licenciamento/consulta_empreendimentos.php,(02001027543202211) LT 500 kV SE Serra do Tigre Sul - SE Santa Luzia II,1-(Licença Prévia-006872023-11/12/2023-11/12/2026) 2-(Anuência-213702712024-10/12/2024-10/12/2025) 3-(Licença de Instalação-014932024-09/09/2024-09/09/2028),1.0199813963672206,
null,null,55186,Trecho de Energia,02001001510202314,AMPLA ENERGIA E SERVIÇOS S/A.,Linha Braúna Pádua,Energia,Sistema de transmissão,02001.001510/2023-14,https://servicos.ibama.gov.br/licenciamento/consulta_empreendimentos.php,(02001001510202314) Linha Braúna Pádua,1-(Licença de Instalação-015092025-12/03/2025-12/03/2029),0.7905156758786775,
null,null,55187,Trecho de Energia,02001031942202279,EQUATORIAL MARANHAO DISTRIBUIDORA DE ENERGIA S.A,RDR 34,5 kV Aldeia Coquinho II - (ID. 440041269),Energia,Sistema de transmissão,02001.031942/2022-79,https://servicos.ibama.gov.br/licenciamento/consulta_empreendimentos.php,(02001031942202279) RDR 34,5 kV Aldeia Coquinho II - (ID. 440041269),,0.0011057501500222422,
null,null,55188,Trecho de Energia,02001031942202279,EQUATORIAL MARANHAO DISTRIBUIDORA DE ENERGIA S.A,RDR 34,5 kV Aldeia Coquinho II - (ID. 440041269),Energia,Sistema de transmissão,02001.031942/2022-79,https://servicos.ibama.gov.br/licenciamento/consulta_empreendimentos.php,(02001031942202279) RDR 34,5 kV Aldeia Coquinho II - (ID. 440041269),,0.0008843496215079106,
null,null,55189,Trecho de Energia,02001031985202254,EQUATORIAL MARANHAO DISTRIBUIDORA DE ENERGIA S.A,RDR 34,5 kV Aldeia Ponta Dagua - (ID. 440041295),Energia,Sistema de transmissão,02001.031985/2022-54,https://servicos.ibama.gov.br/licenciamento/consulta_empreendimentos.php,(02001031985202254) RDR 34,5 kV Aldeia Ponta Dagua - (ID. 440041295),,0.0030330569370514314,
null,null,55190,Trecho de Energia,02001031985202254,EQUATORIAL MARANHAO DISTRIBUIDORA DE ENERGIA S.A,RDR 34,5 kV Aldeia Ponta Dagua - (ID. 440041295),Energia,Sistema de transmissão,02001.031985/2022-54,https://servicos.ibama.gov.br/licenciamento/consulta_empreendimentos.php,(02001031985202254) RDR 34,5 kV Aldeia Ponta Dagua - (ID. 440041295),,0.04750003741186032,
null,null,55191,Trecho de Energia,02001031985202254,EQUATORIAL MARANHAO DISTRIBUIDORA DE ENERGIA S.A,RDR 34,5 kV Aldeia Ponta Dagua - (ID. 440041295),Energia,Sistema de transmissão,02001.031985/2022-54,https://servicos.ibama.gov.br/licenciamento/consulta_empreendimentos.php,(02001031985202254) RDR 34,5 kV Aldeia Ponta Dagua - (ID. 440041295),,0.03154701235903746,
null,null,55192,Trecho de Energia,02001032498202217,EQUATORIAL MARANHAO DISTRIBUIDORA DE ENERGIA S.A,RDR 13,8 kV Aldeia Pau Darco - Trecho 1 - (ID. 440045257),Energia,Sistema de transmissão,02001.032498/2022-17,https://servicos.ibama.gov.br/licenciamento/consulta_empreendimentos.php,(02001032498202217) RDR 13,8 kV Aldeia Pau Darco - Trecho 1 - (ID. 440045257),,0.29230299892083506,
null,null,55193,Trecho de Energia,02001032539202267,EQUATORIAL MARANHAO DISTRIBUIDORA DE ENERGIA S.A,RDR 34,5 kV Terra Indígena Carú - Juriti - (ID. 440076376),Energia,Sistema de transmissão,02001.032539/2022-67,https://servicos.ibama.gov.br/licenciamento/consulta_empreendimentos.php,(02001032539202267) RDR 34,5 kV Terra Indígena Carú - Juriti - (ID. 440076376),,0.000368177626279943,
null,null,55194,Trecho de Energia,02001032539202267,EQUATORIAL MARANHAO DISTRIBUIDORA DE ENERGIA S.A,RDR 34,5 kV Terra Indígena Carú - Juriti - (ID. 440076376),Energia,Sistema de transmissão,02001.032539/2022-67,https://servicos.ibama.gov.br/licenciamento/consulta_empreendimentos.php,(02001032539202267) RDR 34,5 kV Terra Indígena Carú - Juriti - (ID. 440076376),,0.0006368764048236125,
null,null,55195,Trecho de Energia,02001032539202267,EQUATORIAL MARANHAO DISTRIBUIDORA DE ENERGIA S.A,RDR 34,5 kV Terra Indígena Carú - Juriti - (ID. 440076376),Energia,Sistema de transmissão,02001.032539/2022-67,https://servicos.ibama.gov.br/licenciamento/consulta_empreendimentos.php,(02001032539202267) RDR 34,5 kV Terra Indígena Carú - Juriti - (ID. 440076376),,0.0007167725431794185,
null,null,55196,Trecho de Energia,02001032539202267,EQUATORIAL MARANHAO DISTRIBUIDORA DE ENERGIA S.A,RDR 34,5 kV Terra Indígena Carú - Juriti - (ID. 440076376),Energia,Sistema de transmissão,02001.032539/2022-67,https://servicos.ibama.gov.br/licenciamento/consulta_empreendimentos.php,(02001032539202267) RDR 34,5 kV Terra Indígena Carú - Juriti - (ID. 440076376),,0.0007168448904465761,
null,null,55197,Trecho de Energia,02001032539202267,EQUATORIAL MARANHAO DISTRIBUIDORA DE ENERGIA S.A,RDR 34,5 kV Terra Indígena Carú - Juriti - (ID. 440076376),Energia,Sistema de transmissão,02001.032539/2022-67,https://servicos.ibama.gov.br/licenciamento/consulta_empreendimentos.php,(02001032539202267) RDR 34,5 kV Terra Indígena Carú - Juriti - (ID. 440076376),,0.0006714299357427971,
null,null,55198,Trecho de Energia,02001032539202267,EQUATORIAL MARANHAO DISTRIBUIDORA DE ENERGIA S.A,RDR 34,5 kV Terra Indígena Carú - Juriti - (ID. 440076376),Energia,Sistema de transmissão,02001.032539/2022-67,https://servicos.ibama.gov.br/licenciamento/consulta_empreendimentos.php,(02001032539202267) RDR 34,5 kV Terra Indígena Carú - Juriti - (ID. 440076376),,0.000604568597040356,
null,null,55199,Trecho de Energia,02001032539202267,EQUATORIAL MARANHAO DISTRIBUIDORA DE ENERGIA S.A,RDR 34,5 kV Terra Indígena Carú - Juriti - (ID. 440076376),Energia,Sistema de transmissão,02001.032539/2022-67,https://servicos.ibama.gov.br/licenciamento/consulta_empreendimentos.php,(02001032539202267) RDR 34,5 kV Terra Indígena Carú - Juriti - (ID. 440076376),,0.0007556963917001247,
null,null,55200,Trecho de Energia,02001032539202267,EQUATORIAL MARANHAO DISTRIBUIDORA DE ENERGIA S.A,RDR 34,5 kV Terra Indígena Carú - Juriti - (ID. 440076376),Energia,Sistema de transmissão,02001.032539/2022-67,https://servicos.ibama.gov.br/licenciamento/consulta_empreendimentos.php,(02001032539202267) RDR 34,5 kV Terra Indígena Carú - Juriti - (ID. 440076376),,0.0006373123874438619,
null,null,55201,Trecho de Energia,02001032539202267,EQUATORIAL MARANHAO DISTRIBUIDORA DE ENERGIA S.A,RDR 34,5 kV Terra Indígena Carú - Juriti - (ID. 440076376),Energia,Sistema de transmissão,02001.032539/2022-67,https://servicos.ibama.gov.br/licenciamento/consulta_empreendimentos.php,(02001032539202267) RDR 34,5 kV Terra Indígena Carú - Juriti - (ID. 440076376),,0.0006317529364714036,
null,null,55202,Trecho de Energia,02001032539202267,EQUATORIAL MARANHAO DISTRIBUIDORA DE ENERGIA S.A,RDR 34,5 kV Terra Indígena Carú - Juriti - (ID. 440076376),Energia,Sistema de transmissão,02001.032539/2022-67,https://servicos.ibama.gov.br/licenciamento/consulta_empreendimentos.php,(02001032539202267) RDR 34,5 kV Terra Indígena Carú - Juriti - (ID. 440076376),,0.0006415673095515205,
null,null,55203,Trecho de Energia,02001032539202267,EQUATORIAL MARANHAO DISTRIBUIDORA DE ENERGIA S.A,RDR 34,5 kV Terra Indígena Carú - Juriti - (ID. 440076376),Energia,Sistema de transmissão,02001.032539/2022-67,https://servicos.ibama.gov.br/licenciamento/consulta_empreendimentos.php,(02001032539202267) RDR 34,5 kV Terra Indígena Carú - Juriti - (ID. 440076376),,0.0007133780328433943,
null,null,55204,Trecho de Energia,02001032539202267,EQUATORIAL MARANHAO DISTRIBUIDORA DE ENERGIA S.A,RDR 34,5 kV Terra Indígena Carú - Juriti - (ID. 440076376),Energia,Sistema de transmissão,02001.032539/2022-67,https://servicos.ibama.gov.br/licenciamento/consulta_empreendimentos.php,(02001032539202267) RDR 34,5 kV Terra Indígena Carú - Juriti - (ID. 440076376),,0.0007223341093786927,
null,null,55205,Trecho de Energia,02001032539202267,EQUATORIAL MARANHAO DISTRIBUIDORA DE ENERGIA S.A,RDR 34,5 kV Terra Indígena Carú - Juriti - (ID. 440076376),Energia,Sistema de transmissão,02001.032539/2022-67,https://servicos.ibama.gov.br/licenciamento/consulta_empreendimentos.php,(02001032539202267) RDR 34,5 kV Terra Indígena Carú - Juriti - (ID. 440076376),,0.0007342391047636188,
null,null,55206,Trecho de Energia,02001032539202267,EQUATORIAL MARANHAO DISTRIBUIDORA DE ENERGIA S.A,RDR 34,5 kV Terra Indígena Carú - Juriti - (ID. 440076376),Energia,Sistema de transmissão,02001.032539/2022-67,https://servicos.ibama.gov.br/licenciamento/consulta_empreendimentos.php,(02001032539202267) RDR 34,5 kV Terra Indígena Carú - Juriti - (ID. 440076376),,0.0007379995071314569,
null,null,55207,Trecho de Energia,02001032539202267,EQUATORIAL MARANHAO DISTRIBUIDORA DE ENERGIA S.A,RDR 34,5 kV Terra Indígena Carú - Juriti - (ID. 440076376),Energia,Sistema de transmissão,02001.032539/2022-67,https://servicos.ibama.gov.br/licenciamento/consulta_empreendimentos.php,(02001032539202267) RDR 34,5 kV Terra Indígena Carú - Juriti - (ID. 440076376),,0.0005786284600013522,
null,null,55208,Trecho de Energia,02001032539202267,EQUATORIAL MARANHAO DISTRIBUIDORA DE ENERGIA S.A,RDR 34,5 kV Terra Indígena Carú - Juriti - (ID. 440076376),Energia,Sistema de transmissão,02001.032539/2022-67,https://servicos.ibama.gov.br/licenciamento/consulta_empreendimentos.php,(02001032539202267) RDR 34,5 kV Terra Indígena Carú - Juriti - (ID. 440076376),,0.000630807747936928,
null,null,55209,Trecho de Energia,02001032539202267,EQUATORIAL MARANHAO DISTRIBUIDORA DE ENERGIA S.A,RDR 34,5 kV Terra Indígena Carú - Juriti - (ID. 440076376),Energia,Sistema de transmissão,02001.032539/2022-67,https://servicos.ibama.gov.br/licenciamento/consulta_empreendimentos.php,(02001032539202267) RDR 34,5 kV Terra Indígena Carú - Juriti - (ID. 440076376),,0.0008989070737282367,
null,null,55210,Trecho de Energia,02001032539202267,EQUATORIAL MARANHAO DISTRIBUIDORA DE ENERGIA S.A,RDR 34,5 kV Terra Indígena Carú - Juriti - (ID. 440076376),Energia,Sistema de transmissão,02001.032539/2022-67,https://servicos.ibama.gov.br/licenciamento/consulta_empreendimentos.php,(02001032539202267) RDR 34,5 kV Terra Indígena Carú - Juriti - (ID. 440076376),,0.0006973122865583961,
null,null,55211,Trecho de Energia,02001032539202267,EQUATORIAL MARANHAO DISTRIBUIDORA DE ENERGIA S.A,RDR 34,5 kV Terra Indígena Carú - Juriti - (ID. 440076376),Energia,Sistema de transmissão,02001.032539/2022-67,https://servicos.ibama.gov.br/licenciamento/consulta_empreendimentos.php,(02001032539202267) RDR 34,5 kV Terra Indígena Carú - Juriti - (ID. 440076376),,0.0006798945820078255,
null,null,55212,Trecho de Energia,02001032539202267,EQUATORIAL MARANHAO DISTRIBUIDORA DE ENERGIA S.A,RDR 34,5 kV Terra Indígena Carú - Juriti - (ID. 440076376),Energia,Sistema de transmissão,02001.032539/2022-67,https://servicos.ibama.gov.br/licenciamento/consulta_empreendimentos.php,(02001032539202267) RDR 34,5 kV Terra Indígena Carú - Juriti - (ID. 440076376),,0.0009036024656240504,
null,null,55213,Trecho de Energia,02001032539202267,EQUATORIAL MARANHAO DISTRIBUIDORA DE ENERGIA S.A,RDR 34,5 kV Terra Indígena Carú - Juriti - (ID. 440076376),Energia,Sistema de transmissão,02001.032539/2022-67,https://servicos.ibama.gov.br/licenciamento/consulta_empreendimentos.php,(02001032539202267) RDR 34,5 kV Terra Indígena Carú - Juriti - (ID. 440076376),,0.0007631694468672704,
null,null,55214,Trecho de Energia,02001032539202267,EQUATORIAL MARANHAO DISTRIBUIDORA DE ENERGIA S.A,RDR 34,5 kV Terra Indígena Carú - Juriti - (ID. 440076376),Energia,Sistema de transmissão,02001.032539/2022-67,https://servicos.ibama.gov.br/licenciamento/consulta_empreendimentos.php,(02001032539202267) RDR 34,5 kV Terra Indígena Carú - Juriti - (ID. 440076376),,0.000637866942947643,
null,null,55215,Trecho de Energia,02001032539202267,EQUATORIAL MARANHAO DISTRIBUIDORA DE ENERGIA S.A,RDR 34,5 kV Terra Indígena Carú - Juriti - (ID. 440076376),Energia,Sistema de transmissão,02001.032539/2022-67,https://servicos.ibama.gov.br/licenciamento/consulta_empreendimentos.php,(02001032539202267) RDR 34,5 kV Terra Indígena Carú - Juriti - (ID. 440076376),,0.0007675987463153674,
null,null,55216,Trecho de Energia,02001032539202267,EQUATORIAL MARANHAO DISTRIBUIDORA DE ENERGIA S.A,RDR 34,5 kV Terra Indígena Carú - Juriti - (ID. 440076376),Energia,Sistema de transmissão,02001.032539/2022-67,https://servicos.ibama.gov.br/licenciamento/consulta_empreendimentos.php,(02001032539202267) RDR 34,5 kV Terra Indígena Carú - Juriti - (ID. 440076376),,0.000921733559147453,
null,null,55217,Trecho de Energia,02001032539202267,EQUATORIAL MARANHAO DISTRIBUIDORA DE ENERGIA S.A,RDR 34,5 kV Terra Indígena Carú - Juriti - (ID. 440076376),Energia,Sistema de transmissão,02001.032539/2022-67,https://servicos.ibama.gov.br/licenciamento/consulta_empreendimentos.php,(02001032539202267) RDR 34,5 kV Terra Indígena Carú - Juriti - (ID. 440076376),,0.0007461528627427706,
null,null,55218,Trecho de Energia,02001032539202267,EQUATORIAL MARANHAO DISTRIBUIDORA DE ENERGIA S.A,RDR 34,5 kV Terra Indígena Carú - Juriti - (ID. 440076376),Energia,Sistema de transmissão,02001.032539/2022-67,https://servicos.ibama.gov.br/licenciamento/consulta_empreendimentos.php,(02001032539202267) RDR 34,5 kV Terra Indígena Carú - Juriti - (ID. 440076376),,0.0007303508989617537,
null,null,55219,Trecho de Energia,02001032539202267,EQUATORIAL MARANHAO DISTRIBUIDORA DE ENERGIA S.A,RDR 34,5 kV Terra Indígena Carú - Juriti - (ID. 440076376),Energia,Sistema de transmissão,02001.032539/2022-67,https://servicos.ibama.gov.br/licenciamento/consulta_empreendimentos.php,(02001032539202267) RDR 34,5 kV Terra Indígena Carú - Juriti - (ID. 440076376),,0.0007367216422183646,
null,null,55220,Trecho de Energia,02001032539202267,EQUATORIAL MARANHAO DISTRIBUIDORA DE ENERGIA S.A,RDR 34,5 kV Terra Indígena Carú - Juriti - (ID. 440076376),Energia,Sistema de transmissão,02001.032539/2022-67,https://servicos.ibama.gov.br/licenciamento/consulta_empreendimentos.php,(02001032539202267) RDR 34,5 kV Terra Indígena Carú - Juriti - (ID. 440076376),,0.0007316666450981343,
null,null,55221,Trecho de Energia,02001032539202267,EQUATORIAL MARANHAO DISTRIBUIDORA DE ENERGIA S.A,RDR 34,5 kV Terra Indígena Carú - Juriti - (ID. 440076376),Energia,Sistema de transmissão,02001.032539/2022-67,https://servicos.ibama.gov.br/licenciamento/consulta_empreendimentos.php,(02001032539202267) RDR 34,5 kV Terra Indígena Carú - Juriti - (ID. 440076376),,0.0007456202178152248,
null,null,55222,Trecho de Energia,02001032539202267,EQUATORIAL MARANHAO DISTRIBUIDORA DE ENERGIA S.A,RDR 34,5 kV Terra Indígena Carú - Juriti - (ID. 440076376),Energia,Sistema de transmissão,02001.032539/2022-67,https://servicos.ibama.gov.br/licenciamento/consulta_empreendimentos.php,(02001032539202267) RDR 34,5 kV Terra Indígena Carú - Juriti - (ID. 440076376),,0.0007254211324271075,
null,null,55223,Trecho de Energia,02001032539202267,EQUATORIAL MARANHAO DISTRIBUIDORA DE ENERGIA S.A,RDR 34,5 kV Terra Indígena Carú - Juriti - (ID. 440076376),Energia,Sistema de transmissão,02001.032539/2022-67,https://servicos.ibama.gov.br/licenciamento/consulta_empreendimentos.php,(02001032539202267) RDR 34,5 kV Terra Indígena Carú - Juriti - (ID. 440076376),,0.0009017639979963574,
null,null,55224,Trecho de Energia,02001032539202267,EQUATORIAL MARANHAO DISTRIBUIDORA DE ENERGIA S.A,RDR 34,5 kV Terra Indígena Carú - Juriti - (ID. 440076376),Energia,Sistema de transmissão,02001.032539/2022-67,https://servicos.ibama.gov.br/licenciamento/consulta_empreendimentos.php,(02001032539202267) RDR 34,5 kV Terra Indígena Carú - Juriti - (ID. 440076376),,0.00089871229323549,
null,null,55225,Trecho de Energia,02001032539202267,EQUATORIAL MARANHAO DISTRIBUIDORA DE ENERGIA S.A,RDR 34,5 kV Terra Indígena Carú - Juriti - (ID. 440076376),Energia,Sistema de transmissão,02001.032539/2022-67,https://servicos.ibama.gov.br/licenciamento/consulta_empreendimentos.php,(02001032539202267) RDR 34,5 kV Terra Indígena Carú - Juriti - (ID. 440076376),,0.0009312216880159337,
null,null,55226,Trecho de Energia,02001032539202267,EQUATORIAL MARANHAO DISTRIBUIDORA DE ENERGIA S.A,RDR 34,5 kV Terra Indígena Carú - Juriti - (ID. 440076376),Energia,Sistema de transmissão,02001.032539/2022-67,https://servicos.ibama.gov.br/licenciamento/consulta_empreendimentos.php,(02001032539202267) RDR 34,5 kV Terra Indígena Carú - Juriti - (ID. 440076376),,0.0006371876049211659,
null,null,55227,Trecho de Energia,02001032539202267,EQUATORIAL MARANHAO DISTRIBUIDORA DE ENERGIA S.A,RDR 34,5 kV Terra Indígena Carú - Juriti - (ID. 440076376),Energia,Sistema de transmissão,02001.032539/2022-67,https://servicos.ibama.gov.br/licenciamento/consulta_empreendimentos.php,(02001032539202267) RDR 34,5 kV Terra Indígena Carú - Juriti - (ID. 440076376),,0.0006330595040328842,
null,null,55228,Trecho de Energia,02001032539202267,EQUATORIAL MARANHAO DISTRIBUIDORA DE ENERGIA S.A,RDR 34,5 kV Terra Indígena Carú - Juriti - (ID. 440076376),Energia,Sistema de transmissão,02001.032539/2022-67,https://servicos.ibama.gov.br/licenciamento/consulta_empreendimentos.php,(02001032539202267) RDR 34,5 kV Terra Indígena Carú - Juriti - (ID. 440076376),,0.0008193406628800233,
null,null,55229,Trecho de Energia,02001032539202267,EQUATORIAL MARANHAO DISTRIBUIDORA DE ENERGIA S.A,RDR 34,5 kV Terra Indígena Carú - Juriti - (ID. 440076376),Energia,Sistema de transmissão,02001.032539/2022-67,https://servicos.ibama.gov.br/licenciamento/consulta_empreendimentos.php,(02001032539202267) RDR 34,5 kV Terra Indígena Carú - Juriti - (ID. 440076376),,0.0008143218865744684,
null,null,55230,Trecho de Energia,02001032539202267,EQUATORIAL MARANHAO DISTRIBUIDORA DE ENERGIA S.A,RDR 34,5 kV Terra Indígena Carú - Juriti - (ID. 440076376),Energia,Sistema de transmissão,02001.032539/2022-67,https://servicos.ibama.gov.br/licenciamento/consulta_empreendimentos.php,(02001032539202267) RDR 34,5 kV Terra Indígena Carú - Juriti - (ID. 440076376),,0.000813246957847507,
null,null,55231,Trecho de Energia,02001032539202267,EQUATORIAL MARANHAO DISTRIBUIDORA DE ENERGIA S.A,RDR 34,5 kV Terra Indígena Carú - Juriti - (ID. 440076376),Energia,Sistema de transmissão,02001.032539/2022-67,https://servicos.ibama.gov.br/licenciamento/consulta_empreendimentos.php,(02001032539202267) RDR 34,5 kV Terra Indígena Carú - Juriti - (ID. 440076376),,0.0005409755297087153,
null,null,55232,Trecho de Energia,02001032539202267,EQUATORIAL MARANHAO DISTRIBUIDORA DE ENERGIA S.A,RDR 34,5 kV Terra Indígena Carú - Juriti - (ID. 440076376),Energia,Sistema de transmissão,02001.032539/2022-67,https://servicos.ibama.gov.br/licenciamento/consulta_empreendimentos.php,(02001032539202267) RDR 34,5 kV Terra Indígena Carú - Juriti - (ID. 440076376),,0.0009137208201040811,
null,null,55233,Trecho de Energia,02001032539202267,EQUATORIAL MARANHAO DISTRIBUIDORA DE ENERGIA S.A,RDR 34,5 kV Terra Indígena Carú - Juriti - (ID. 440076376),Energia,Sistema de transmissão,02001.032539/2022-67,https://servicos.ibama.gov.br/licenciamento/consulta_empreendimentos.php,(02001032539202267) RDR 34,5 kV Terra Indígena Carú - Juriti - (ID. 440076376),,0.0006316732558530074,
null,null,55234,Trecho de Energia,02001032539202267,EQUATORIAL MARANHAO DISTRIBUIDORA DE ENERGIA S.A,RDR 34,5 kV Terra Indígena Carú - Juriti - (ID. 440076376),Energia,Sistema de transmissão,02001.032539/2022-67,https://servicos.ibama.gov.br/licenciamento/consulta_empreendimentos.php,(02001032539202267) RDR 34,5 kV Terra Indígena Carú - Juriti - (ID. 440076376),,0.0007365693038854828,
null,null,55235,Trecho de Energia,02001032539202267,EQUATORIAL MARANHAO DISTRIBUIDORA DE ENERGIA S.A,RDR 34,5 kV Terra Indígena Carú - Juriti - (ID. 440076376),Energia,Sistema de transmissão,02001.032539/2022-67,https://servicos.ibama.gov.br/licenciamento/consulta_empreendimentos.php,(02001032539202267) RDR 34,5 kV Terra Indígena Carú - Juriti - (ID. 440076376),,0.0006292371813433612,
null,null,55236,Trecho de Energia,02001032539202267,EQUATORIAL MARANHAO DISTRIBUIDORA DE ENERGIA S.A,RDR 34,5 kV Terra Indígena Carú - Juriti - (ID. 440076376),Energia,Sistema de transmissão,02001.032539/2022-67,https://servicos.ibama.gov.br/licenciamento/consulta_empreendimentos.php,(02001032539202267) RDR 34,5 kV Terra Indígena Carú - Juriti - (ID. 440076376),,0.0007209372344738049,
null,null,55237,Trecho de Energia,02001032539202267,EQUATORIAL MARANHAO DISTRIBUIDORA DE ENERGIA S.A,RDR 34,5 kV Terra Indígena Carú - Juriti - (ID. 440076376),Energia,Sistema de transmissão,02001.032539/2022-67,https://servicos.ibama.gov.br/licenciamento/consulta_empreendimentos.php,(02001032539202267) RDR 34,5 kV Terra Indígena Carú - Juriti - (ID. 440076376),,0.0004479450679935987,
null,null,55238,Trecho de Energia,02001032539202267,EQUATORIAL MARANHAO DISTRIBUIDORA DE ENERGIA S.A,RDR 34,5 kV Terra Indígena Carú - Juriti - (ID. 440076376),Energia,Sistema de transmissão,02001.032539/2022-67,https://servicos.ibama.gov.br/licenciamento/consulta_empreendimentos.php,(02001032539202267) RDR 34,5 kV Terra Indígena Carú - Juriti - (ID. 440076376),,0.0005308418289792419,
null,null,55239,Trecho de Energia,02001032539202267,EQUATORIAL MARANHAO DISTRIBUIDORA DE ENERGIA S.A,RDR 34,5 kV Terra Indígena Carú - Juriti - (ID. 440076376),Energia,Sistema de transmissão,02001.032539/2022-67,https://servicos.ibama.gov.br/licenciamento/consulta_empreendimentos.php,(02001032539202267) RDR 34,5 kV Terra Indígena Carú - Juriti - (ID. 440076376),,0.0006089859144685029,
null,null,55240,Trecho de Energia,02001032539202267,EQUATORIAL MARANHAO DISTRIBUIDORA DE ENERGIA S.A,RDR 34,5 kV Terra Indígena Carú - Juriti - (ID. 440076376),Energia,Sistema de transmissão,02001.032539/2022-67,https://servicos.ibama.gov.br/licenciamento/consulta_empreendimentos.php,(02001032539202267) RDR 34,5 kV Terra Indígena Carú - Juriti - (ID. 440076376),,0.0003430999663510522,
null,null,55241,Trecho de Energia,02001032539202267,EQUATORIAL MARANHAO DISTRIBUIDORA DE ENERGIA S.A,RDR 34,5 kV Terra Indígena Carú - Juriti - (ID. 440076376),Energia,Sistema de transmissão,02001.032539/2022-67,https://servicos.ibama.gov.br/licenciamento/consulta_empreendimentos.php,(02001032539202267) RDR 34,5 kV Terra Indígena Carú - Juriti - (ID. 440076376),,0.00036890747345155945,
null,null,55242,Trecho de Energia,02001032539202267,EQUATORIAL MARANHAO DISTRIBUIDORA DE ENERGIA S.A,RDR 34,5 kV Terra Indígena Carú - Juriti - (ID. 440076376),Energia,Sistema de transmissão,02001.032539/2022-67,https://servicos.ibama.gov.br/licenciamento/consulta_empreendimentos.php,(02001032539202267) RDR 34,5 kV Terra Indígena Carú - Juriti - (ID. 440076376),,0.0003242684203410176,
null,null,55243,Trecho de Energia,02001032539202267,EQUATORIAL MARANHAO DISTRIBUIDORA DE ENERGIA S.A,RDR 34,5 kV Terra Indígena Carú - Juriti - (ID. 440076376),Energia,Sistema de transmissão,02001.032539/2022-67,https://servicos.ibama.gov.br/licenciamento/consulta_empreendimentos.php,(02001032539202267) RDR 34,5 kV Terra Indígena Carú - Juriti - (ID. 440076376),,0.00020296612588094166,
null,null,55244,Trecho de Energia,02001032539202267,EQUATORIAL MARANHAO DISTRIBUIDORA DE ENERGIA S.A,RDR 34,5 kV Terra Indígena Carú - Juriti - (ID. 440076376),Energia,Sistema de transmissão,02001.032539/2022-67,https://servicos.ibama.gov.br/licenciamento/consulta_empreendimentos.php,(02001032539202267) RDR 34,5 kV Terra Indígena Carú - Juriti - (ID. 440076376),,0.0003953817065836375,
null,null,55245,Trecho de Energia,02001032539202267,EQUATORIAL MARANHAO DISTRIBUIDORA DE ENERGIA S.A,RDR 34,5 kV Terra Indígena Carú - Juriti - (ID. 440076376),Energia,Sistema de transmissão,02001.032539/2022-67,https://servicos.ibama.gov.br/licenciamento/consulta_empreendimentos.php,(02001032539202267) RDR 34,5 kV Terra Indígena Carú - Juriti - (ID. 440076376),,0.00044855811121770925,
null,null,55246,Trecho de Energia,02001032539202267,EQUATORIAL MARANHAO DISTRIBUIDORA DE ENERGIA S.A,RDR 34,5 kV Terra Indígena Carú - Juriti - (ID. 440076376),Energia,Sistema de transmissão,02001.032539/2022-67,https://servicos.ibama.gov.br/licenciamento/consulta_empreendimentos.php,(02001032539202267) RDR 34,5 kV Terra Indígena Carú - Juriti - (ID. 440076376),,0.0005302437693407019,
null,null,55247,Trecho de Energia,02001032539202267,EQUATORIAL MARANHAO DISTRIBUIDORA DE ENERGIA S.A,RDR 34,5 kV Terra Indígena Carú - Juriti - (ID. 440076376),Energia,Sistema de transmissão,02001.032539/2022-67,https://servicos.ibama.gov.br/licenciamento/consulta_empreendimentos.php,(02001032539202267) RDR 34,5 kV Terra Indígena Carú - Juriti - (ID. 440076376),,0.0003665085531771855,
null,null,55248,Trecho de Energia,02001032539202267,EQUATORIAL MARANHAO DISTRIBUIDORA DE ENERGIA S.A,RDR 34,5 kV Terra Indígena Carú - Juriti - (ID. 440076376),Energia,Sistema de transmissão,02001.032539/2022-67,https://servicos.ibama.gov.br/licenciamento/consulta_empreendimentos.php,(02001032539202267) RDR 34,5 kV Terra Indígena Carú - Juriti - (ID. 440076376),,0.00035846194672605944,
null,null,55249,Trecho de Energia,02001032539202267,EQUATORIAL MARANHAO DISTRIBUIDORA DE ENERGIA S.A,RDR 34,5 kV Terra Indígena Carú - Juriti - (ID. 440076376),Energia,Sistema de transmissão,02001.032539/2022-67,https://servicos.ibama.gov.br/licenciamento/consulta_empreendimentos.php,(02001032539202267) RDR 34,5 kV Terra Indígena Carú - Juriti - (ID. 440076376),,0.0003626413087628723,
null,null,55250,Trecho de Energia,02001032539202267,EQUATORIAL MARANHAO DISTRIBUIDORA DE ENERGIA S.A,RDR 34,5 kV Terra Indígena Carú - Juriti - (ID. 440076376),Energia,Sistema de transmissão,02001.032539/2022-67,https://servicos.ibama.gov.br/licenciamento/consulta_empreendimentos.php,(02001032539202267) RDR 34,5 kV Terra Indígena Carú - Juriti - (ID. 440076376),,0.0003626403520646615,
null,null,55251,Trecho de Energia,02001032539202267,EQUATORIAL MARANHAO DISTRIBUIDORA DE ENERGIA S.A,RDR 34,5 kV Terra Indígena Carú - Juriti - (ID. 440076376),Energia,Sistema de transmissão,02001.032539/2022-67,https://servicos.ibama.gov.br/licenciamento/consulta_empreendimentos.php,(02001032539202267) RDR 34,5 kV Terra Indígena Carú - Juriti - (ID. 440076376),,0.0004088208591256644,
null,null,55252,Trecho de Energia,02001032539202267,EQUATORIAL MARANHAO DISTRIBUIDORA DE ENERGIA S.A,RDR 34,5 kV Terra Indígena Carú - Juriti - (ID. 440076376),Energia,Sistema de transmissão,02001.032539/2022-67,https://servicos.ibama.gov.br/licenciamento/consulta_empreendimentos.php,(02001032539202267) RDR 34,5 kV Terra Indígena Carú - Juriti - (ID. 440076376),,0.0004023138478085402,
null,null,55253,Trecho de Energia,02001032539202267,EQUATORIAL MARANHAO DISTRIBUIDORA DE ENERGIA S.A,RDR 34,5 kV Terra Indígena Carú - Juriti - (ID. 440076376),Energia,Sistema de transmissão,02001.032539/2022-67,https://servicos.ibama.gov.br/licenciamento/consulta_empreendimentos.php,(02001032539202267) RDR 34,5 kV Terra Indígena Carú - Juriti - (ID. 440076376),,0.0003616921674482048,
null,null,55254,Trecho de Energia,02001032539202267,EQUATORIAL MARANHAO DISTRIBUIDORA DE ENERGIA S.A,RDR 34,5 kV Terra Indígena Carú - Juriti - (ID. 440076376),Energia,Sistema de transmissão,02001.032539/2022-67,https://servicos.ibama.gov.br/licenciamento/consulta_empreendimentos.php,(02001032539202267) RDR 34,5 kV Terra Indígena Carú - Juriti - (ID. 440076376),,0.00039982089110995113,
null,null,55255,Trecho de Energia,02001032539202267,EQUATORIAL MARANHAO DISTRIBUIDORA DE ENERGIA S.A,RDR 34,5 kV Terra Indígena Carú - Juriti - (ID. 440076376),Energia,Sistema de transmissão,02001.032539/2022-67,https://servicos.ibama.gov.br/licenciamento/consulta_empreendimentos.php,(02001032539202267) RDR 34,5 kV Terra Indígena Carú - Juriti - (ID. 440076376),,0.0004026058103736164,
null,null,55256,Trecho de Energia,02001032539202267,EQUATORIAL MARANHAO DISTRIBUIDORA DE ENERGIA S.A,RDR 34,5 kV Terra Indígena Carú - Juriti - (ID. 440076376),Energia,Sistema de transmissão,02001.032539/2022-67,https://servicos.ibama.gov.br/licenciamento/consulta_empreendimentos.php,(02001032539202267) RDR 34,5 kV Terra Indígena Carú - Juriti - (ID. 440076376),,0.00039978987854917097,
null,null,55257,Trecho de Energia,02001032539202267,EQUATORIAL MARANHAO DISTRIBUIDORA DE ENERGIA S.A,RDR 34,5 kV Terra Indígena Carú - Juriti - (ID. 440076376),Energia,Sistema de transmissão,02001.032539/2022-67,https://servicos.ibama.gov.br/licenciamento/consulta_empreendimentos.php,(02001032539202267) RDR 34,5 kV Terra Indígena Carú - Juriti - (ID. 440076376),,0.00033906363865617977,
null,null,55258,Trecho de Energia,02001032539202267,EQUATORIAL MARANHAO DISTRIBUIDORA DE ENERGIA S.A,RDR 34,5 kV Terra Indígena Carú - Juriti - (ID. 440076376),Energia,Sistema de transmissão,02001.032539/2022-67,https://servicos.ibama.gov.br/licenciamento/consulta_empreendimentos.php,(02001032539202267) RDR 34,5 kV Terra Indígena Carú - Juriti - (ID. 440076376),,0.00020192609822930458,
null,null,55259,Trecho de Energia,02001032539202267,EQUATORIAL MARANHAO DISTRIBUIDORA DE ENERGIA S.A,RDR 34,5 kV Terra Indígena Carú - Juriti - (ID. 440076376),Energia,Sistema de transmissão,02001.032539/2022-67,https://servicos.ibama.gov.br/licenciamento/consulta_empreendimentos.php,(02001032539202267) RDR 34,5 kV Terra Indígena Carú - Juriti - (ID. 440076376),,0.0003214527171683858,
null,null,55260,Trecho de Energia,02001032539202267,EQUATORIAL MARANHAO DISTRIBUIDORA DE ENERGIA S.A,RDR 34,5 kV Terra Indígena Carú - Juriti - (ID. 440076376),Energia,Sistema de transmissão,02001.032539/2022-67,https://servicos.ibama.gov.br/licenciamento/consulta_empreendimentos.php,(02001032539202267) RDR 34,5 kV Terra Indígena Carú - Juriti - (ID. 440076376),,0.0003660154690979323,
null,null,55261,Trecho de Energia,02001032539202267,EQUATORIAL MARANHAO DISTRIBUIDORA DE ENERGIA S.A,RDR 34,5 kV Terra Indígena Carú - Juriti - (ID. 440076376),Energia,Sistema de transmissão,02001.032539/2022-67,https://servicos.ibama.gov.br/licenciamento/consulta_empreendimentos.php,(02001032539202267) RDR 34,5 kV Terra Indígena Carú - Juriti - (ID. 440076376),,0.00034281824410743343,
null,null,55262,Trecho de Energia,02001032680202260,COMPANHIA DE GERAÇÃO E TRANSMISSÃO DE ENERGIA ELÉTRICA DO SUL DO BRASIL,Subgrupo Jerivá - Descomissionamento SE Uruguaiana e LT 132kV Passo de Los Libres - Uruguaiana/RS,Energia,Sistema de transmissão,02001.032680/2022-60,https://servicos.ibama.gov.br/licenciamento/consulta_empreendimentos.php,(02001032680202260) Subgrupo Jerivá - Descomissionamento SE Uruguaiana e LT 132kV Passo de Los Libres - Uruguaiana/RS,,0.1218593254795889,
null,null,55263,Trecho de Energia,02001032646202295,EQUATORIAL MARANHAO DISTRIBUIDORA DE ENERGIA S.A,RDR 34,5 kV Aldeia Pau Darco - Trecho 2 - (ID 440045259),Energia,Sistema de transmissão,02001.032646/2022-95,https://servicos.ibama.gov.br/licenciamento/consulta_empreendimentos.php,(02001032646202295) RDR 34,5 kV Aldeia Pau Darco - Trecho 2 - (ID 440045259),,0.1576319550250024,
null,null,55264,Trecho de Energia,02001035038202232,EQUATORIAL MARANHAO DISTRIBUIDORA DE ENERGIA S.A,RDR 34,5 kV Terra Indígena Alto Turiaçu ¿ Tucumã - (ID. 440049919),Energia,Sistema de transmissão,02001.035038/2022-32,https://servicos.ibama.gov.br/licenciamento/consulta_empreendimentos.php,(02001035038202232) RDR 34,5 kV Terra Indígena Alto Turiaçu ¿ Tucumã - (ID. 440049919),,0.04193418400156334,
null,null,55265,Trecho de Energia,02001000444202365,CEMIG GERAÇÃO E TRANSMISSAO S.A,LT 230kV Governador Valadares 6 - Verona, C1, CS,Energia,Sistema de transmissão,02001.000444/2023-65,https://servicos.ibama.gov.br/licenciamento/consulta_empreendimentos.php,(02001000444202365) LT 230kV Governador Valadares 6 - Verona, C1, CS,,3.103902884499548,
null,null,55266,Trecho de Energia,02001000414202359,TANGARÁ TRANSMISSORA DE ENERGIA ELÉTRICA S.A.,LT 230kV Açailândia-Dom Eliseu II, C1 e C2, CD,Energia,Sistema de transmissão,02001.000414/2023-59,https://servicos.ibama.gov.br/licenciamento/consulta_empreendimentos.php,(02001000414202359) LT 230kV Açailândia-Dom Eliseu II, C1 e C2, CD,1-(Retificação de Licença de Instalação-014882024-26/11/2024-26/11/2029) 2-(Licença de Instalação-014882024-20/06/2024-20/06/2029) 3-(Retificação de Licença de Instalação-014882024-16/11/2024-19/06/2029),0.6038512996219193,
null,null,55267,Trecho de Energia,02001022828202339,COELBA- COMPANHIA DE ELETRICIDADE DO ESTADO DA BAHIA,Obra Subaquática Morro de São Paulo,Energia,Sistema de transmissão,02001.022828/2023-39,https://servicos.ibama.gov.br/licenciamento/consulta_empreendimentos.php,(02001022828202339) Obra Subaquática Morro de São Paulo,,0.060511311049716486,
null,null,55268,Trecho de Energia,02001024586202318,ENGIE BRASIL ENERGIA S.A.,LT 500 KV POÇÕES III - MEDEIROS NETO II - JOÃO NEIVA 2 - VIANA 2 (C2) e SEs associadas,Energia,Sistema de transmissão,02001.024586/2023-18,https://servicos.ibama.gov.br/licenciamento/consulta_empreendimentos.php,(02001024586202318) LT 500 KV POÇÕES III - MEDEIROS NETO II - JOÃO NEIVA 2 - VIANA 2 (C2) e SEs associadas,,2.8564442569748496,
null,null,55269,Trecho de Energia,02001024586202318,ENGIE BRASIL ENERGIA S.A.,LT 500 KV POÇÕES III - MEDEIROS NETO II - JOÃO NEIVA 2 - VIANA 2 (C2) e SEs associadas,Energia,Sistema de transmissão,02001.024586/2023-18,https://servicos.ibama.gov.br/licenciamento/consulta_empreendimentos.php,(02001024586202318) LT 500 KV POÇÕES III - MEDEIROS NETO II - JOÃO NEIVA 2 - VIANA 2 (C2) e SEs associadas,,0.6761188883376307,
null,null,55270,Trecho de Energia,02001024586202318,ENGIE BRASIL ENERGIA S.A.,LT 500 KV POÇÕES III - MEDEIROS NETO II - JOÃO NEIVA 2 - VIANA 2 (C2) e SEs associadas,Energia,Sistema de transmissão,02001.024586/2023-18,https://servicos.ibama.gov.br/licenciamento/consulta_empreendimentos.php,(02001024586202318) LT 500 KV POÇÕES III - MEDEIROS NETO II - JOÃO NEIVA 2 - VIANA 2 (C2) e SEs associadas,,2.4803796291208746,
null,null,55271,Trecho de Energia,02001034066202313,EQUATORIAL ALAGOAS DISTRIBUIDORA DE ENERGIA S.A.,REDE DE DISTRIBUIÇÃO DE ENERGIA EM 13,8 KV - RIACHO FUNDO DO MEIO,Energia,Sistema de transmissão,02001.034066/2023-13,https://servicos.ibama.gov.br/licenciamento/consulta_empreendimentos.php,(02001034066202313) REDE DE DISTRIBUIÇÃO DE ENERGIA EM 13,8 KV - RIACHO FUNDO DO MEIO,,0.055870693100927515,
null,null,55272,Trecho de Energia,02001032042202320,EQUATORIAL MARANHAO DISTRIBUIDORA DE ENERGIA S.A,RDR 13,8 1ALDEIA ALDEIA MAIRY - 430070601,Energia,Sistema de transmissão,02001.032042/2023-20,https://servicos.ibama.gov.br/licenciamento/consulta_empreendimentos.php,(02001032042202320) RDR 13,8 1ALDEIA ALDEIA MAIRY - 430070601,,0.00722664311889381,
null,null,55273,Trecho de Energia,02001032044202319,EQUATORIAL MARANHAO DISTRIBUIDORA DE ENERGIA S.A,RDR 13,8 ALDEIA NOVA CONQUISTA ID. 430070604,Energia,Sistema de transmissão,02001.032044/2023-19,https://servicos.ibama.gov.br/licenciamento/consulta_empreendimentos.php,(02001032044202319) RDR 13,8 ALDEIA NOVA CONQUISTA ID. 430070604,,0.0007721773901939803,
null,null,55274,Trecho de Energia,02001032045202363,EQUATORIAL MARANHAO DISTRIBUIDORA DE ENERGIA S.A,RDR ALDEIA CATOLÉ ID. 430070605,Energia,Sistema de transmissão,02001.032045/2023-63,https://servicos.ibama.gov.br/licenciamento/consulta_empreendimentos.php,(02001032045202363) RDR ALDEIA CATOLÉ ID. 430070605,,0.005114296223149401,
null,null,55275,Trecho de Energia,02001032043202374,EQUATORIAL MARANHAO DISTRIBUIDORA DE ENERGIA S.A,RDR ID. ALDEIA CANAÃ PRENRE CRANT 430070611,Energia,Sistema de transmissão,02001.032043/2023-74,https://servicos.ibama.gov.br/licenciamento/consulta_empreendimentos.php,(02001032043202374) RDR ID. ALDEIA CANAÃ PRENRE CRANT 430070611,,0.02009606536369372,
null,null,55276,Trecho de Energia,02001028444202320,MANGABA ENERGIA LTDA,LT SE Campos - SE Buritirama,Energia,Sistema de transmissão,02001.028444/2023-20,https://servicos.ibama.gov.br/licenciamento/consulta_empreendimentos.php,(02001028444202320) LT SE Campos - SE Buritirama,1-(Licença Prévia-006932024-25/06/2024-25/06/2029) 2-(Retificação de Licença Prévia-006932024-02/09/2024-25/06/2029),0.3541699449052022,
null,null,55277,Trecho de Energia,02001034270202334,RIALMA TRANSMISSORA DE ENERGIA V LTDA,LT 500 kV SE Bom Jesus da Lapa II - SE Jaíba C1 e C2; LT 500 kV SEJaíba - SE Buritizeiro 3 C1 e C2;,Energia,Sistema de transmissão,02001.034270/2023-34,https://servicos.ibama.gov.br/licenciamento/consulta_empreendimentos.php,(02001034270202334) LT 500 kV SE Bom Jesus da Lapa II - SE Jaíba C1 e C2; LT 500 kV SEJaíba - SE Buritizeiro 3 C1 e C2;,,2.1563669613468526,
null,null,55278,Trecho de Energia,02001034270202334,RIALMA TRANSMISSORA DE ENERGIA V LTDA,LT 500 kV SE Bom Jesus da Lapa II - SE Jaíba C1 e C2; LT 500 kV SEJaíba - SE Buritizeiro 3 C1 e C2;,Energia,Sistema de transmissão,02001.034270/2023-34,https://servicos.ibama.gov.br/licenciamento/consulta_empreendimentos.php,(02001034270202334) LT 500 kV SE Bom Jesus da Lapa II - SE Jaíba C1 e C2; LT 500 kV SEJaíba - SE Buritizeiro 3 C1 e C2;,,2.1556331024111457,
null,null,55279,Trecho de Energia,02001034270202334,RIALMA TRANSMISSORA DE ENERGIA V LTDA,LT 500 kV SE Bom Jesus da Lapa II - SE Jaíba C1 e C2; LT 500 kV SEJaíba - SE Buritizeiro 3 C1 e C2;,Energia,Sistema de transmissão,02001.034270/2023-34,https://servicos.ibama.gov.br/licenciamento/consulta_empreendimentos.php,(02001034270202334) LT 500 kV SE Bom Jesus da Lapa II - SE Jaíba C1 e C2; LT 500 kV SEJaíba - SE Buritizeiro 3 C1 e C2;,,2.6112456091297402,
null,null,55280,Trecho de Energia,02001034270202334,RIALMA TRANSMISSORA DE ENERGIA V LTDA,LT 500 kV SE Bom Jesus da Lapa II - SE Jaíba C1 e C2; LT 500 kV SEJaíba - SE Buritizeiro 3 C1 e C2;,Energia,Sistema de transmissão,02001.034270/2023-34,https://servicos.ibama.gov.br/licenciamento/consulta_empreendimentos.php,(02001034270202334) LT 500 kV SE Bom Jesus da Lapa II - SE Jaíba C1 e C2; LT 500 kV SEJaíba - SE Buritizeiro 3 C1 e C2;,,2.6117007555423313,
null,null,55281,Trecho de Energia,02001029218202366,ISA ENERGIA BRASIL S.A.,LT 500 kV Barra II_Correntina_Arinos 2 e SE Correntina,Energia,Sistema de transmissão,02001.029218/2023-66,https://servicos.ibama.gov.br/licenciamento/consulta_empreendimentos.php,(02001029218202366) LT 500 kV Barra II_Correntina_Arinos 2 e SE Correntina,,0.003236490708779388,
null,null,55282,Trecho de Energia,02001029218202366,ISA ENERGIA BRASIL S.A.,LT 500 kV Barra II_Correntina_Arinos 2 e SE Correntina,Energia,Sistema de transmissão,02001.029218/2023-66,https://servicos.ibama.gov.br/licenciamento/consulta_empreendimentos.php,(02001029218202366) LT 500 kV Barra II_Correntina_Arinos 2 e SE Correntina,,0.002867149097389817,
null,null,55283,Trecho de Energia,02001029218202366,ISA ENERGIA BRASIL S.A.,LT 500 kV Barra II_Correntina_Arinos 2 e SE Correntina,Energia,Sistema de transmissão,02001.029218/2023-66,https://servicos.ibama.gov.br/licenciamento/consulta_empreendimentos.php,(02001029218202366) LT 500 kV Barra II_Correntina_Arinos 2 e SE Correntina,,2.6953527637251935,
null,null,55284,Trecho de Energia,02001029218202366,ISA ENERGIA BRASIL S.A.,LT 500 kV Barra II_Correntina_Arinos 2 e SE Correntina,Energia,Sistema de transmissão,02001.029218/2023-66,https://servicos.ibama.gov.br/licenciamento/consulta_empreendimentos.php,(02001029218202366) LT 500 kV Barra II_Correntina_Arinos 2 e SE Correntina,,2.575090208400178,
null,null,55285,Trecho de Energia,02001035352202487,STN - SISTEMA DE TRANSMISSÃO NORDESTE S.A.,STN SISTEMA DE TRANSMISSÃO NORDESTE,Energia,Sistema de transmissão,02001.035352/2024-87,https://servicos.ibama.gov.br/licenciamento/consulta_empreendimentos.php,(02001035352202487) STN SISTEMA DE TRANSMISSÃO NORDESTE,,4.820321429444414,
null,null,55286,Trecho de Energia,02001004663202402,PERENCO PETRÓLEO E GÁS DO BRASIL LTDA,Instalação de cabo submarino de energia,Energia,Sistema de transmissão,02001.004663/2024-02,https://servicos.ibama.gov.br/licenciamento/consulta_empreendimentos.php,(02001004663202402) Instalação de cabo submarino de energia,,0.8790352175081382,
null,null,55287,Trecho de Energia,02001042240202300,ALUPAR INVESTIMENTO S.A.,LT 500kV Silvânia - Nova Ponte 3 - Ribeirão Preto CD,Energia,Sistema de transmissão,02001.042240/2023-00,https://servicos.ibama.gov.br/licenciamento/consulta_empreendimentos.php,(02001042240202300) LT 500kV Silvânia - Nova Ponte 3 - Ribeirão Preto CD,,2.9125572257190164,
null,null,55288,Trecho de Energia,02001042240202300,ALUPAR INVESTIMENTO S.A.,LT 500kV Silvânia - Nova Ponte 3 - Ribeirão Preto CD,Energia,Sistema de transmissão,02001.042240/2023-00,https://servicos.ibama.gov.br/licenciamento/consulta_empreendimentos.php,(02001042240202300) LT 500kV Silvânia - Nova Ponte 3 - Ribeirão Preto CD,,1.9130968506740726,
null,null,55289,Trecho de Energia,02001042147202397,SILVÂNIA TRANSMISSORA DE ENERGIA S.A.,LT ±800 kVcc Graça Aranha - Silvânia e instalações associadas,Energia,Sistema de transmissão,02001.042147/2023-97,https://servicos.ibama.gov.br/licenciamento/consulta_empreendimentos.php,(02001042147202397) LT ±800 kVcc Graça Aranha - Silvânia e instalações associadas,,13.307975328376425,
null,null,55290,Trecho de Energia,02001042147202397,SILVÂNIA TRANSMISSORA DE ENERGIA S.A.,LT ±800 kVcc Graça Aranha - Silvânia e instalações associadas,Energia,Sistema de transmissão,02001.042147/2023-97,https://servicos.ibama.gov.br/licenciamento/consulta_empreendimentos.php,(02001042147202397) LT ±800 kVcc Graça Aranha - Silvânia e instalações associadas,,0.026877394699342687,
null,null,55291,Trecho de Energia,02001042147202397,SILVÂNIA TRANSMISSORA DE ENERGIA S.A.,LT ±800 kVcc Graça Aranha - Silvânia e instalações associadas,Energia,Sistema de transmissão,02001.042147/2023-97,https://servicos.ibama.gov.br/licenciamento/consulta_empreendimentos.php,(02001042147202397) LT ±800 kVcc Graça Aranha - Silvânia e instalações associadas,,0.026150320145812117,
null,null,55292,Trecho de Energia,02001042147202397,SILVÂNIA TRANSMISSORA DE ENERGIA S.A.,LT ±800 kVcc Graça Aranha - Silvânia e instalações associadas,Energia,Sistema de transmissão,02001.042147/2023-97,https://servicos.ibama.gov.br/licenciamento/consulta_empreendimentos.php,(02001042147202397) LT ±800 kVcc Graça Aranha - Silvânia e instalações associadas,,0.16422819467035107,
null,null,55293,Trecho de Energia,02001042147202397,SILVÂNIA TRANSMISSORA DE ENERGIA S.A.,LT ±800 kVcc Graça Aranha - Silvânia e instalações associadas,Energia,Sistema de transmissão,02001.042147/2023-97,https://servicos.ibama.gov.br/licenciamento/consulta_empreendimentos.php,(02001042147202397) LT ±800 kVcc Graça Aranha - Silvânia e instalações associadas,,0.027700221698765543,
null,null,55294,Trecho de Energia,02001043101202395,CELEO REDES BRASIL S/A,LT 500 kV Marimbondo 2 - Campinas C1 CS,Energia,Sistema de transmissão,02001.043101/2023-95,https://servicos.ibama.gov.br/licenciamento/consulta_empreendimentos.php,(02001043101202395) LT 500 kV Marimbondo 2 - Campinas C1 CS,1-(Licença Prévia-007032025-16/01/2025-16/01/2035),3.5828360641065746,
null,null,55295,Trecho de Energia,02001004506202499,GRACA ARANHA SILVANIA TRANSMISSORA DE ENERGIA S.A.,LT ±800 kVcc Graça Aranha - Silvânia e instalações associadas,Energia,Sistema de transmissão,02001.004506/2024-99,https://servicos.ibama.gov.br/licenciamento/consulta_empreendimentos.php,(02001004506202499) LT ±800 kVcc Graça Aranha - Silvânia e instalações associadas,,0.027700221698765543,
null,null,55296,Trecho de Energia,02001004506202499,GRACA ARANHA SILVANIA TRANSMISSORA DE ENERGIA S.A.,LT ±800 kVcc Graça Aranha - Silvânia e instalações associadas,Energia,Sistema de transmissão,02001.004506/2024-99,https://servicos.ibama.gov.br/licenciamento/consulta_empreendimentos.php,(02001004506202499) LT ±800 kVcc Graça Aranha - Silvânia e instalações associadas,,12.93109375227623,
null,null,55297,Trecho de Energia,02001004506202499,GRACA ARANHA SILVANIA TRANSMISSORA DE ENERGIA S.A.,LT ±800 kVcc Graça Aranha - Silvânia e instalações associadas,Energia,Sistema de transmissão,02001.004506/2024-99,https://servicos.ibama.gov.br/licenciamento/consulta_empreendimentos.php,(02001004506202499) LT ±800 kVcc Graça Aranha - Silvânia e instalações associadas,,0.026877394699342687,
null,null,55298,Trecho de Energia,02001004506202499,GRACA ARANHA SILVANIA TRANSMISSORA DE ENERGIA S.A.,LT ±800 kVcc Graça Aranha - Silvânia e instalações associadas,Energia,Sistema de transmissão,02001.004506/2024-99,https://servicos.ibama.gov.br/licenciamento/consulta_empreendimentos.php,(02001004506202499) LT ±800 kVcc Graça Aranha - Silvânia e instalações associadas,,0.026150320145812117,
null,null,55299,Trecho de Energia,02001004506202499,GRACA ARANHA SILVANIA TRANSMISSORA DE ENERGIA S.A.,LT ±800 kVcc Graça Aranha - Silvânia e instalações associadas,Energia,Sistema de transmissão,02001.004506/2024-99,https://servicos.ibama.gov.br/licenciamento/consulta_empreendimentos.php,(02001004506202499) LT ±800 kVcc Graça Aranha - Silvânia e instalações associadas,,0.16422819467035107,
null,null,55300,Trecho de Energia,02001004506202499,GRACA ARANHA SILVANIA TRANSMISSORA DE ENERGIA S.A.,LT ±800 kVcc Graça Aranha - Silvânia e instalações associadas,Energia,Sistema de transmissão,02001.004506/2024-99,https://servicos.ibama.gov.br/licenciamento/consulta_empreendimentos.php,(02001004506202499) LT ±800 kVcc Graça Aranha - Silvânia e instalações associadas,,0.9450466039154514,
null,null,55301,Trecho de Energia,02001004506202499,GRACA ARANHA SILVANIA TRANSMISSORA DE ENERGIA S.A.,LT ±800 kVcc Graça Aranha - Silvânia e instalações associadas,Energia,Sistema de transmissão,02001.004506/2024-99,https://servicos.ibama.gov.br/licenciamento/consulta_empreendimentos.php,(02001004506202499) LT ±800 kVcc Graça Aranha - Silvânia e instalações associadas,,0.34712537314857644,
null,null,55302,Trecho de Energia,02001005868202405,GRACA ARANHA SILVANIA TRANSMISSORA DE ENERGIA S.A.,LT ±800 kVcc Graça Aranha - Silvânia e instalações associadas,Energia,Sistema de transmissão,02001.005868/2024-05,https://servicos.ibama.gov.br/licenciamento/consulta_empreendimentos.php,(02001005868202405) LT ±800 kVcc Graça Aranha - Silvânia e instalações associadas,,12.93109375227623,
null,null,55303,Trecho de Energia,02001005868202405,GRACA ARANHA SILVANIA TRANSMISSORA DE ENERGIA S.A.,LT ±800 kVcc Graça Aranha - Silvânia e instalações associadas,Energia,Sistema de transmissão,02001.005868/2024-05,https://servicos.ibama.gov.br/licenciamento/consulta_empreendimentos.php,(02001005868202405) LT ±800 kVcc Graça Aranha - Silvânia e instalações associadas,,0.9450466039154514,
null,null,55304,Trecho de Energia,02001005868202405,GRACA ARANHA SILVANIA TRANSMISSORA DE ENERGIA S.A.,LT ±800 kVcc Graça Aranha - Silvânia e instalações associadas,Energia,Sistema de transmissão,02001.005868/2024-05,https://servicos.ibama.gov.br/licenciamento/consulta_empreendimentos.php,(02001005868202405) LT ±800 kVcc Graça Aranha - Silvânia e instalações associadas,,0.34712537314857644,
null,null,55305,Trecho de Energia,02001010423202439,EDP TRANSMISSAO GOIAS SA,LT 500 kV Ribeiro Gonçalves - Colinas C3CS e LT 230 kV Ribeiro Gonçalves - Balsas C2CS,Energia,Sistema de transmissão,02001.010423/2024-39,https://servicos.ibama.gov.br/licenciamento/consulta_empreendimentos.php,(02001010423202439) LT 500 kV Ribeiro Gonçalves - Colinas C3CS e LT 230 kV Ribeiro Gonçalves - Balsas C2CS,,3.3171035306599723,
null,null,55306,Trecho de Energia,02001010423202439,EDP TRANSMISSAO GOIAS SA,LT 500 kV Ribeiro Gonçalves - Colinas C3CS e LT 230 kV Ribeiro Gonçalves - Balsas C2CS,Energia,Sistema de transmissão,02001.010423/2024-39,https://servicos.ibama.gov.br/licenciamento/consulta_empreendimentos.php,(02001010423202439) LT 500 kV Ribeiro Gonçalves - Colinas C3CS e LT 230 kV Ribeiro Gonçalves - Balsas C2CS,,0.856049502367988,
null,null,55307,Trecho de Energia,02001010432202420,EDP TRANSMISSAO GOIAS SA,LT 230 kV SE Dianópolis II - SE Formosa do Rio Preto ¿ SE Gilbués II C1CS e SE Formosa do Rio Preto,Energia,Sistema de transmissão,02001.010432/2024-20,https://servicos.ibama.gov.br/licenciamento/consulta_empreendimentos.php,(02001010432202420) LT 230 kV SE Dianópolis II - SE Formosa do Rio Preto ¿ SE Gilbués II C1CS e SE Formosa do Rio Preto,,1.4533149776468948,
null,null,55308,Trecho de Energia,02001010432202420,EDP TRANSMISSAO GOIAS SA,LT 230 kV SE Dianópolis II - SE Formosa do Rio Preto ¿ SE Gilbués II C1CS e SE Formosa do Rio Preto,Energia,Sistema de transmissão,02001.010432/2024-20,https://servicos.ibama.gov.br/licenciamento/consulta_empreendimentos.php,(02001010432202420) LT 230 kV SE Dianópolis II - SE Formosa do Rio Preto ¿ SE Gilbués II C1CS e SE Formosa do Rio Preto,,1.4166163577449098,
null,null,55309,Trecho de Energia,02001014121202430,CENTRAIS ELETRICAS DO NORTE DO BRASIL S/A ELETRONORTE,LT 230kV Chapada II - Crato III,Energia,Sistema de transmissão,02001.014121/2024-30,https://servicos.ibama.gov.br/licenciamento/consulta_empreendimentos.php,(02001014121202430) LT 230kV Chapada II - Crato III,,1.366082716969468,
null,null,55310,Trecho de Energia,02001014138202497,CENTRAIS ELETRICAS DO NORTE DO BRASIL S/A ELETRONORTE,LTs Campo Formoso II - Bom Nome II ¿ Olindina, Seccionamentos e Subestações Associadas.,Energia,Sistema de transmissão,02001.014138/2024-97,https://servicos.ibama.gov.br/licenciamento/consulta_empreendimentos.php,(02001014138202497) LTs Campo Formoso II - Bom Nome II ¿ Olindina, Seccionamentos e Subestações Associadas.,,3.346059964948936,
null,null,55311,Trecho de Energia,02001014138202497,CENTRAIS ELETRICAS DO NORTE DO BRASIL S/A ELETRONORTE,LTs Campo Formoso II - Bom Nome II ¿ Olindina, Seccionamentos e Subestações Associadas.,Energia,Sistema de transmissão,02001.014138/2024-97,https://servicos.ibama.gov.br/licenciamento/consulta_empreendimentos.php,(02001014138202497) LTs Campo Formoso II - Bom Nome II ¿ Olindina, Seccionamentos e Subestações Associadas.,,1.4895829357927621,
null,null,55312,Trecho de Energia,02001014138202497,CENTRAIS ELETRICAS DO NORTE DO BRASIL S/A ELETRONORTE,LTs Campo Formoso II - Bom Nome II ¿ Olindina, Seccionamentos e Subestações Associadas.,Energia,Sistema de transmissão,02001.014138/2024-97,https://servicos.ibama.gov.br/licenciamento/consulta_empreendimentos.php,(02001014138202497) LTs Campo Formoso II - Bom Nome II ¿ Olindina, Seccionamentos e Subestações Associadas.,,2.057007965776477,
null,null,55313,Trecho de Energia,02001014138202497,CENTRAIS ELETRICAS DO NORTE DO BRASIL S/A ELETRONORTE,LTs Campo Formoso II - Bom Nome II ¿ Olindina, Seccionamentos e Subestações Associadas.,Energia,Sistema de transmissão,02001.014138/2024-97,https://servicos.ibama.gov.br/licenciamento/consulta_empreendimentos.php,(02001014138202497) LTs Campo Formoso II - Bom Nome II ¿ Olindina, Seccionamentos e Subestações Associadas.,,0.7794283719171422,
null,null,55314,Trecho de Energia,02001014138202497,CENTRAIS ELETRICAS DO NORTE DO BRASIL S/A ELETRONORTE,LTs Campo Formoso II - Bom Nome II ¿ Olindina, Seccionamentos e Subestações Associadas.,Energia,Sistema de transmissão,02001.014138/2024-97,https://servicos.ibama.gov.br/licenciamento/consulta_empreendimentos.php,(02001014138202497) LTs Campo Formoso II - Bom Nome II ¿ Olindina, Seccionamentos e Subestações Associadas.,,0.07480266069514101,
null,null,55315,Trecho de Energia,02001014138202497,CENTRAIS ELETRICAS DO NORTE DO BRASIL S/A ELETRONORTE,LTs Campo Formoso II - Bom Nome II ¿ Olindina, Seccionamentos e Subestações Associadas.,Energia,Sistema de transmissão,02001.014138/2024-97,https://servicos.ibama.gov.br/licenciamento/consulta_empreendimentos.php,(02001014138202497) LTs Campo Formoso II - Bom Nome II ¿ Olindina, Seccionamentos e Subestações Associadas.,,0.08024168566748337,
null,null,55316,Trecho de Energia,02001014138202497,CENTRAIS ELETRICAS DO NORTE DO BRASIL S/A ELETRONORTE,LTs Campo Formoso II - Bom Nome II ¿ Olindina, Seccionamentos e Subestações Associadas.,Energia,Sistema de transmissão,02001.014138/2024-97,https://servicos.ibama.gov.br/licenciamento/consulta_empreendimentos.php,(02001014138202497) LTs Campo Formoso II - Bom Nome II ¿ Olindina, Seccionamentos e Subestações Associadas.,,0.06221155875907227,
null,null,55317,Trecho de Energia,02001014138202497,CENTRAIS ELETRICAS DO NORTE DO BRASIL S/A ELETRONORTE,LTs Campo Formoso II - Bom Nome II ¿ Olindina, Seccionamentos e Subestações Associadas.,Energia,Sistema de transmissão,02001.014138/2024-97,https://servicos.ibama.gov.br/licenciamento/consulta_empreendimentos.php,(02001014138202497) LTs Campo Formoso II - Bom Nome II ¿ Olindina, Seccionamentos e Subestações Associadas.,,0.061803697599928084,
null,null,55318,Trecho de Energia,02001014138202497,CENTRAIS ELETRICAS DO NORTE DO BRASIL S/A ELETRONORTE,LTs Campo Formoso II - Bom Nome II ¿ Olindina, Seccionamentos e Subestações Associadas.,Energia,Sistema de transmissão,02001.014138/2024-97,https://servicos.ibama.gov.br/licenciamento/consulta_empreendimentos.php,(02001014138202497) LTs Campo Formoso II - Bom Nome II ¿ Olindina, Seccionamentos e Subestações Associadas.,,0.009254742147663968,
null,null,55319,Trecho de Energia,02001014138202497,CENTRAIS ELETRICAS DO NORTE DO BRASIL S/A ELETRONORTE,LTs Campo Formoso II - Bom Nome II ¿ Olindina, Seccionamentos e Subestações Associadas.,Energia,Sistema de transmissão,02001.014138/2024-97,https://servicos.ibama.gov.br/licenciamento/consulta_empreendimentos.php,(02001014138202497) LTs Campo Formoso II - Bom Nome II ¿ Olindina, Seccionamentos e Subestações Associadas.,,0.010385809563335855,
null,null,55320,Trecho de Energia,02001014899202449,CENTRAIS ELETRICAS DO NORTE DO BRASIL S/A ELETRONORTE,Linha de Transmissão 230 kV Ibiapina II ¿ Piripiri C3,Energia,Sistema de transmissão,02001.014899/2024-49,https://servicos.ibama.gov.br/licenciamento/consulta_empreendimentos.php,(02001014899202449) Linha de Transmissão 230 kV Ibiapina II ¿ Piripiri C3,,0.6948863237123692,
null,null,55321,Trecho de Energia,02001014912202460,CENTRAIS ELETRICAS DO NORTE DO BRASIL S/A ELETRONORTE,Linha de Transmissão 500 kV Quixadá ¿ Crateús ¿ Teresina IV e Subestações associadas,Energia,Sistema de transmissão,02001.014912/2024-60,https://servicos.ibama.gov.br/licenciamento/consulta_empreendimentos.php,(02001014912202460) Linha de Transmissão 500 kV Quixadá ¿ Crateús ¿ Teresina IV e Subestações associadas,,0.0052894248040409745,
null,null,55322,Trecho de Energia,02001014912202460,CENTRAIS ELETRICAS DO NORTE DO BRASIL S/A ELETRONORTE,Linha de Transmissão 500 kV Quixadá ¿ Crateús ¿ Teresina IV e Subestações associadas,Energia,Sistema de transmissão,02001.014912/2024-60,https://servicos.ibama.gov.br/licenciamento/consulta_empreendimentos.php,(02001014912202460) Linha de Transmissão 500 kV Quixadá ¿ Crateús ¿ Teresina IV e Subestações associadas,,0.005601642981003029,
null,null,55323,Trecho de Energia,02001014912202460,CENTRAIS ELETRICAS DO NORTE DO BRASIL S/A ELETRONORTE,Linha de Transmissão 500 kV Quixadá ¿ Crateús ¿ Teresina IV e Subestações associadas,Energia,Sistema de transmissão,02001.014912/2024-60,https://servicos.ibama.gov.br/licenciamento/consulta_empreendimentos.php,(02001014912202460) Linha de Transmissão 500 kV Quixadá ¿ Crateús ¿ Teresina IV e Subestações associadas,,0.008223566189975662,
null,null,55324,Trecho de Energia,02001014912202460,CENTRAIS ELETRICAS DO NORTE DO BRASIL S/A ELETRONORTE,Linha de Transmissão 500 kV Quixadá ¿ Crateús ¿ Teresina IV e Subestações associadas,Energia,Sistema de transmissão,02001.014912/2024-60,https://servicos.ibama.gov.br/licenciamento/consulta_empreendimentos.php,(02001014912202460) Linha de Transmissão 500 kV Quixadá ¿ Crateús ¿ Teresina IV e Subestações associadas,,0.006047632864061127,
null,null,55325,Trecho de Energia,02001014912202460,CENTRAIS ELETRICAS DO NORTE DO BRASIL S/A ELETRONORTE,Linha de Transmissão 500 kV Quixadá ¿ Crateús ¿ Teresina IV e Subestações associadas,Energia,Sistema de transmissão,02001.014912/2024-60,https://servicos.ibama.gov.br/licenciamento/consulta_empreendimentos.php,(02001014912202460) Linha de Transmissão 500 kV Quixadá ¿ Crateús ¿ Teresina IV e Subestações associadas,,2.000021906871744,
null,null,55326,Trecho de Energia,02001014912202460,CENTRAIS ELETRICAS DO NORTE DO BRASIL S/A ELETRONORTE,Linha de Transmissão 500 kV Quixadá ¿ Crateús ¿ Teresina IV e Subestações associadas,Energia,Sistema de transmissão,02001.014912/2024-60,https://servicos.ibama.gov.br/licenciamento/consulta_empreendimentos.php,(02001014912202460) Linha de Transmissão 500 kV Quixadá ¿ Crateús ¿ Teresina IV e Subestações associadas,,1.7999439152061278,
null,null,55327,Trecho de Energia,02001015677202443,GRANDE SERTAO II TRANSMISSORA DE ENERGIA S/A,LT Grande Sertão II,Energia,Sistema de transmissão,02001.015677/2024-43,https://servicos.ibama.gov.br/licenciamento/consulta_empreendimentos.php,(02001015677202443) LT Grande Sertão II,,2.122441895777078,
null,null,55328,Trecho de Energia,02001015677202443,GRANDE SERTAO II TRANSMISSORA DE ENERGIA S/A,LT Grande Sertão II,Energia,Sistema de transmissão,02001.015677/2024-43,https://servicos.ibama.gov.br/licenciamento/consulta_empreendimentos.php,(02001015677202443) LT Grande Sertão II,,2.0009788458413436,
null,null,55329,Trecho de Energia,02001015677202443,GRANDE SERTAO II TRANSMISSORA DE ENERGIA S/A,LT Grande Sertão II,Energia,Sistema de transmissão,02001.015677/2024-43,https://servicos.ibama.gov.br/licenciamento/consulta_empreendimentos.php,(02001015677202443) LT Grande Sertão II,,2.0005727042145525,
null,null,55330,Trecho de Energia,02001015677202443,GRANDE SERTAO II TRANSMISSORA DE ENERGIA S/A,LT Grande Sertão II,Energia,Sistema de transmissão,02001.015677/2024-43,https://servicos.ibama.gov.br/licenciamento/consulta_empreendimentos.php,(02001015677202443) LT Grande Sertão II,,2.360883903517802,
null,null,55331,Trecho de Energia,02001015677202443,GRANDE SERTAO II TRANSMISSORA DE ENERGIA S/A,LT Grande Sertão II,Energia,Sistema de transmissão,02001.015677/2024-43,https://servicos.ibama.gov.br/licenciamento/consulta_empreendimentos.php,(02001015677202443) LT Grande Sertão II,,0.010503903736157354,
null,null,55332,Trecho de Energia,02001015677202443,GRANDE SERTAO II TRANSMISSORA DE ENERGIA S/A,LT Grande Sertão II,Energia,Sistema de transmissão,02001.015677/2024-43,https://servicos.ibama.gov.br/licenciamento/consulta_empreendimentos.php,(02001015677202443) LT Grande Sertão II,,0.00946594013579182,
null,null,55333,Trecho de Energia,02001015689202478,GRANDE SERTÃO I TRANSMISSORA DE ENERGIA S/A.,LT Grande Sertão I - Trecho 1,Energia,Sistema de transmissão,02001.015689/2024-78,https://servicos.ibama.gov.br/licenciamento/consulta_empreendimentos.php,(02001015689202478) LT Grande Sertão I - Trecho 1,,0.6677077479825405,
null,null,55334,Trecho de Energia,02001015689202478,GRANDE SERTÃO I TRANSMISSORA DE ENERGIA S/A.,LT Grande Sertão I - Trecho 1,Energia,Sistema de transmissão,02001.015689/2024-78,https://servicos.ibama.gov.br/licenciamento/consulta_empreendimentos.php,(02001015689202478) LT Grande Sertão I - Trecho 1,,1.724322679831544,
null,null,55335,Trecho de Energia,02001015690202401,GRANDE SERTÃO I TRANSMISSORA DE ENERGIA S/A.,LT Grande Sertão I - Trecho 2,Energia,Sistema de transmissão,02001.015690/2024-01,https://servicos.ibama.gov.br/licenciamento/consulta_empreendimentos.php,(02001015690202401) LT Grande Sertão I - Trecho 2,,0.7842484543323683,
null,null,55336,Trecho de Energia,02001017138202449,ENERGISA MARANHÃO TRANSMISSORA DE ENERGISA I S.A.,Energisa Maranhão Transmissora de Energia I S.A.,Energia,Sistema de transmissão,02001.017138/2024-49,https://servicos.ibama.gov.br/licenciamento/consulta_empreendimentos.php,(02001017138202449) Energisa Maranhão Transmissora de Energia I S.A.,,1.8509427433279444,
null,null,55337,Trecho de Energia,02001017138202449,ENERGISA MARANHÃO TRANSMISSORA DE ENERGISA I S.A.,Energisa Maranhão Transmissora de Energia I S.A.,Energia,Sistema de transmissão,02001.017138/2024-49,https://servicos.ibama.gov.br/licenciamento/consulta_empreendimentos.php,(02001017138202449) Energisa Maranhão Transmissora de Energia I S.A.,,1.7034961449382184,
null,null,55338,Trecho de Energia,02001018041202453,COELBA- COMPANHIA DE ELETRICIDADE DO ESTADO DA BAHIA,MP-CIND POV PÉ DA LADEIRA-BOA NOVA X-0727839,Energia,Sistema de transmissão,02001.018041/2024-53,https://servicos.ibama.gov.br/licenciamento/consulta_empreendimentos.php,(02001018041202453) MP-CIND POV PÉ DA LADEIRA-BOA NOVA X-0727839,,0.07649575946225726,
null,null,55339,Trecho de Energia,02001019176202436,FURNAS CENTRAIS ELÉTRICAS S/A,LT 345 kV Furnas/ Mascarenhas de Moraes,Energia,Sistema de transmissão,02001.019176/2024-36,https://servicos.ibama.gov.br/licenciamento/consulta_empreendimentos.php,(02001019176202436) LT 345 kV Furnas/ Mascarenhas de Moraes,,0.9677839947242314,
null,null,55340,Trecho de Energia,02001019186202471,FURNAS CENTRAIS ELÉTRICAS S/A,LT 345 kV Furnas / Itutinga - C1,Energia,Sistema de transmissão,02001.019186/2024-71,https://servicos.ibama.gov.br/licenciamento/consulta_empreendimentos.php,(02001019186202471) LT 345 kV Furnas / Itutinga - C1,,1.8840918770629764,
null,null,55341,Trecho de Energia,02001019238202418,CENTRAIS ELETRICAS DO NORTE DO BRASIL S/A ELETRONORTE,Linha de Transmissão 500 kV Quixadá - Crateús - Teresina IV e Subestações Associadas,Energia,Sistema de transmissão,02001.019238/2024-18,https://servicos.ibama.gov.br/licenciamento/consulta_empreendimentos.php,(02001019238202418) Linha de Transmissão 500 kV Quixadá - Crateús - Teresina IV e Subestações Associadas,,2.000021906871744,
null,null,55342,Trecho de Energia,02001019238202418,CENTRAIS ELETRICAS DO NORTE DO BRASIL S/A ELETRONORTE,Linha de Transmissão 500 kV Quixadá - Crateús - Teresina IV e Subestações Associadas,Energia,Sistema de transmissão,02001.019238/2024-18,https://servicos.ibama.gov.br/licenciamento/consulta_empreendimentos.php,(02001019238202418) Linha de Transmissão 500 kV Quixadá - Crateús - Teresina IV e Subestações Associadas,,0.0052894248040409745,
null,null,55343,Trecho de Energia,02001019238202418,CENTRAIS ELETRICAS DO NORTE DO BRASIL S/A ELETRONORTE,Linha de Transmissão 500 kV Quixadá - Crateús - Teresina IV e Subestações Associadas,Energia,Sistema de transmissão,02001.019238/2024-18,https://servicos.ibama.gov.br/licenciamento/consulta_empreendimentos.php,(02001019238202418) Linha de Transmissão 500 kV Quixadá - Crateús - Teresina IV e Subestações Associadas,,0.005601642981003029,
null,null,55344,Trecho de Energia,02001019238202418,CENTRAIS ELETRICAS DO NORTE DO BRASIL S/A ELETRONORTE,Linha de Transmissão 500 kV Quixadá - Crateús - Teresina IV e Subestações Associadas,Energia,Sistema de transmissão,02001.019238/2024-18,https://servicos.ibama.gov.br/licenciamento/consulta_empreendimentos.php,(02001019238202418) Linha de Transmissão 500 kV Quixadá - Crateús - Teresina IV e Subestações Associadas,,0.008223566189975662,
null,null,55345,Trecho de Energia,02001019238202418,CENTRAIS ELETRICAS DO NORTE DO BRASIL S/A ELETRONORTE,Linha de Transmissão 500 kV Quixadá - Crateús - Teresina IV e Subestações Associadas,Energia,Sistema de transmissão,02001.019238/2024-18,https://servicos.ibama.gov.br/licenciamento/consulta_empreendimentos.php,(02001019238202418) Linha de Transmissão 500 kV Quixadá - Crateús - Teresina IV e Subestações Associadas,,0.006047632864061127,
null,null,55346,Trecho de Energia,02001019238202418,CENTRAIS ELETRICAS DO NORTE DO BRASIL S/A ELETRONORTE,Linha de Transmissão 500 kV Quixadá - Crateús - Teresina IV e Subestações Associadas,Energia,Sistema de transmissão,02001.019238/2024-18,https://servicos.ibama.gov.br/licenciamento/consulta_empreendimentos.php,(02001019238202418) Linha de Transmissão 500 kV Quixadá - Crateús - Teresina IV e Subestações Associadas,,1.7999439152061278,
null,null,55347,Trecho de Energia,02001019215202403,FURNAS CENTRAIS ELÉTRICAS S/A,LT 345 kV Furnas / Itutinga - C2,Energia,Sistema de transmissão,02001.019215/2024-03,https://servicos.ibama.gov.br/licenciamento/consulta_empreendimentos.php,(02001019215202403) LT 345 kV Furnas / Itutinga - C2,,1.890270283238633,
null,null,55348,Trecho de Energia,02001019239202454,FURNAS CENTRAIS ELÉTRICAS S/A,LT 345 kV Pimenta / Sarzedo - C1,Energia,Sistema de transmissão,02001.019239/2024-54,https://servicos.ibama.gov.br/licenciamento/consulta_empreendimentos.php,(02001019239202454) LT 345 kV Pimenta / Sarzedo - C1,,1.6995086396771082,
null,null,55349,Trecho de Energia,02001024738202463,EDP NORTE NORDESTE 2,LT 500 kV Ribeiro Gonçalves - Colinas C3 CS,Energia,Sistema de transmissão,02001.024738/2024-63,https://servicos.ibama.gov.br/licenciamento/consulta_empreendimentos.php,(02001024738202463) LT 500 kV Ribeiro Gonçalves - Colinas C3 CS,,3.3171035306599723,
null,null,55350,Trecho de Energia,02001033614202479,GRAÚNA TRANSMISSORA DE ENERGIA S.A,LT 345 kV Jaguara - Araxá 3 C1 e Ampliação das Subestações associadas,Energia,Sistema de transmissão,02001.033614/2024-79,https://servicos.ibama.gov.br/licenciamento/consulta_empreendimentos.php,(02001033614202479) LT 345 kV Jaguara - Araxá 3 C1 e Ampliação das Subestações associadas,,0.5465551359189248,
null,null,55351,Trecho de Energia,02001034863202481,GRAÚNA TRANSMISSORA DE ENERGIA S.A,LT 525 kV Curitiba Oeste-Abdon Batista 2 e SE 525 kV Curitiba Oeste,Energia,Sistema de transmissão,02001.034863/2024-81,https://servicos.ibama.gov.br/licenciamento/consulta_empreendimentos.php,(02001034863202481) LT 525 kV Curitiba Oeste-Abdon Batista 2 e SE 525 kV Curitiba Oeste,,2.2454314030979674,
null,null,55352,Trecho de Energia,02001034877202403,GRAÚNA TRANSMISSORA DE ENERGIA S.A,LT 525 kV Abdon Batista 2 - Segredo - Cascavel Oeste e ampliações de SEs associadas,Energia,Sistema de transmissão,02001.034877/2024-03,https://servicos.ibama.gov.br/licenciamento/consulta_empreendimentos.php,(02001034877202403) LT 525 kV Abdon Batista 2 - Segredo - Cascavel Oeste e ampliações de SEs associadas,,2.083315282988268,
null,null,55353,Trecho de Energia,02001034877202403,GRAÚNA TRANSMISSORA DE ENERGIA S.A,LT 525 kV Abdon Batista 2 - Segredo - Cascavel Oeste e ampliações de SEs associadas,Energia,Sistema de transmissão,02001.034877/2024-03,https://servicos.ibama.gov.br/licenciamento/consulta_empreendimentos.php,(02001034877202403) LT 525 kV Abdon Batista 2 - Segredo - Cascavel Oeste e ampliações de SEs associadas,,1.6581840045910372,